model,seed,metric,target_condition,n_source,n_target,source_performance,source_ci_low,source_ci_high,target_performance,target_ci_low,target_ci_high,degradation,degradation_ci_low,degradation_ci_high,tau,epsilon,tac_decision,etc_decision,joint_region,source_file,target_file
ResNet50,1,auc_pr,BOSQUE dark,1002,46,0.8254159896389256,0.7724058192761539,0.8706978950207139,0.7303290350735636,0.5451556984551211,0.8853474895052762,0.09508695456536198,-0.06940000910759091,0.2815400887370699,0.85,0.05,inconclusive,inconclusive,inconclusive,outputs/predictions/ham10000_internal_test_predictions_resnet50_seed1_20260505T132245Z.csv,outputs/predictions/bosque_public_predictions_resnet50_seed1_20260505T132245Z.csv
ResNet50,2,auc_pr,BOSQUE dark,1002,46,0.7460644464460853,0.6792326177545899,0.8060541434945142,0.7931705753362841,0.6245715926830264,0.9236382881888566,-0.04710612889019883,-0.1900451654567476,0.12744359538466274,0.85,0.05,inconclusive,inconclusive,inconclusive,outputs/predictions/ham10000_internal_test_predictions_resnet50_seed2_20260505T170225Z.csv,outputs/predictions/bosque_public_predictions_resnet50_seed2_20260505T170225Z.csv
ResNet50,3,auc_pr,BOSQUE dark,1002,46,0.7349151930783451,0.6699596771341846,0.7984288857269501,0.7429953344084541,0.5635359756141476,0.882651805606642,-0.008080141330109036,-0.16839918977122031,0.18898383453382248,0.85,0.05,inconclusive,inconclusive,inconclusive,outputs/predictions/ham10000_internal_test_predictions_resnet50_seed3_20260505T200129Z.csv,outputs/predictions/bosque_public_predictions_resnet50_seed3_20260505T200129Z.csv
ResNet50,4,auc_pr,BOSQUE dark,1002,46,0.7839328353088832,0.7220594574744942,0.8398678585950041,0.7573947942917183,0.5797537293528803,0.9050287413475111,0.02653804101716495,-0.13147303323254658,0.2100304366544576,0.85,0.05,inconclusive,inconclusive,inconclusive,outputs/predictions/ham10000_internal_test_predictions_resnet50_seed4_20260505T211056Z.csv,outputs/predictions/bosque_public_predictions_resnet50_seed4_20260505T211056Z.csv
ResNet50,5,auc_pr,BOSQUE dark,1002,46,0.7831817614487236,0.727139884645524,0.835620164146603,0.7843855343871371,0.6128752457921366,0.9095572430439346,-0.00120377293841345,-0.13915527945114756,0.17483254835919482,0.85,0.05,inconclusive,inconclusive,inconclusive,outputs/predictions/ham10000_internal_test_predictions_resnet50_seed5_20260506T060814Z.csv,outputs/predictions/bosque_public_predictions_resnet50_seed5_20260506T060814Z.csv
DenseNet121,1,auc_pr,BOSQUE dark,1002,46,0.7573085176216687,0.6957400887936595,0.8129165802783006,0.7975621364837056,0.6248042483831957,0.9188660574965933,-0.04025361886203682,-0.17719076633377615,0.1465733367361608,0.85,0.05,inconclusive,inconclusive,inconclusive,outputs/predictions/ham10000_internal_test_predictions_densenet121_seed1_20260507T083954Z.csv,outputs/predictions/bosque_public_predictions_densenet121_seed1_20260507T083954Z.csv
DenseNet121,2,auc_pr,BOSQUE dark,1002,46,0.7006596590965503,0.6365419212603869,0.7664157138389718,0.7319560345182987,0.5431834180777584,0.8986396916115598,-0.03129637542174846,-0.20871660389031035,0.17648437768670297,0.85,0.05,inconclusive,inconclusive,inconclusive,outputs/predictions/ham10000_internal_test_predictions_densenet121_seed2_20260507T104740Z.csv,outputs/predictions/bosque_public_predictions_densenet121_seed2_20260507T104740Z.csv
DenseNet121,3,auc_pr,BOSQUE dark,1002,46,0.7532987448098206,0.7014346443986513,0.8034925740788664,0.7816824998039418,0.5952446164011849,0.9326127789279962,-0.028383754994121158,-0.19294249652519077,0.1695273872990236,0.85,0.05,inconclusive,inconclusive,inconclusive,outputs/predictions/ham10000_internal_test_predictions_densenet121_seed3_20260507T120928Z.csv,outputs/predictions/bosque_public_predictions_densenet121_seed3_20260507T120928Z.csv
DenseNet121,4,auc_pr,BOSQUE dark,1002,46,0.7263014386905409,0.6604551365019695,0.7882291409315135,0.8397105531541247,0.681176152678983,0.949755094138681,-0.11340911446358382,-0.24586652641096024,0.0570885698005708,0.85,0.05,inconclusive,inconclusive,inconclusive,outputs/predictions/ham10000_internal_test_predictions_densenet121_seed4_20260507T140333Z.csv,outputs/predictions/bosque_public_predictions_densenet121_seed4_20260507T140333Z.csv
DenseNet121,5,auc_pr,BOSQUE dark,1002,46,0.7254321823633717,0.6627386636528633,0.7852599100969774,0.8441719722352574,0.6986349028725106,0.9464950167820834,-0.11873978987188571,-0.2424404535890268,0.04048568447240011,0.85,0.05,inconclusive,transported,inconclusive,outputs/predictions/ham10000_internal_test_predictions_densenet121_seed5_20260507T160422Z.csv,outputs/predictions/bosque_public_predictions_densenet121_seed5_20260507T160422Z.csv
MobileNetV2,1,auc_pr,BOSQUE dark,1002,46,0.7778569595450286,0.7217116444416982,0.8294940015525408,0.654530043703796,0.4681043217599845,0.8433005403288498,0.12332691584123268,-0.0703152466623703,0.3109168428063868,0.85,0.05,not adequate,inconclusive,inconclusive,outputs/predictions/ham10000_internal_test_predictions_mobilenetv2_seed1_20260507T165942Z.csv,outputs/predictions/bosque_public_predictions_mobilenetv2_seed1_20260507T165942Z.csv
MobileNetV2,2,auc_pr,BOSQUE dark,1002,46,0.6982070770192408,0.6336349261941105,0.7600951886287015,0.7394233953925669,0.5658869727462069,0.8768364676683772,-0.041216318373326066,-0.1953509702592653,0.13995350366936604,0.85,0.05,inconclusive,inconclusive,inconclusive,outputs/predictions/ham10000_internal_test_predictions_mobilenetv2_seed2_20260507T172558Z.csv,outputs/predictions/bosque_public_predictions_mobilenetv2_seed2_20260507T172558Z.csv
MobileNetV2,3,auc_pr,BOSQUE dark,1002,46,0.663463644043275,0.5933338888056804,0.7361520679400655,0.6773192359158398,0.4866833491898698,0.8542476312444593,-0.013855591872564799,-0.20560428616653284,0.18461997194394375,0.85,0.05,inconclusive,inconclusive,inconclusive,outputs/predictions/ham10000_internal_test_predictions_mobilenetv2_seed3_20260507T175449Z.csv,outputs/predictions/bosque_public_predictions_mobilenetv2_seed3_20260507T175449Z.csv
MobileNetV2,4,auc_pr,BOSQUE dark,1002,46,0.7456569488582457,0.6905631265626186,0.7970160990670933,0.7147216060815467,0.5314898826211039,0.8771144575424772,0.03093534277669907,-0.14320712719837222,0.2282505935807842,0.85,0.05,inconclusive,inconclusive,inconclusive,outputs/predictions/ham10000_internal_test_predictions_mobilenetv2_seed4_20260507T181806Z.csv,outputs/predictions/bosque_public_predictions_mobilenetv2_seed4_20260507T181806Z.csv
MobileNetV2,5,auc_pr,BOSQUE dark,1002,46,0.7431842044546609,0.6784431242358968,0.8044746618245935,0.6982329013476334,0.5068901686013274,0.852782362581088,0.04495130310702755,-0.12791050933106635,0.23353546032630557,0.85,0.05,inconclusive,inconclusive,inconclusive,outputs/predictions/ham10000_internal_test_predictions_mobilenetv2_seed5_20260508T061530Z.csv,outputs/predictions/bosque_public_predictions_mobilenetv2_seed5_20260508T061530Z.csv
EfficientNetV2B0,1,auc_pr,BOSQUE dark,1002,46,0.7828598443806075,0.7338176569207834,0.8328519806333049,0.8046710872901353,0.6477779181766027,0.9224541445160344,-0.02181124290952774,-0.1465314418715795,0.1374385303825436,0.85,0.05,inconclusive,inconclusive,inconclusive,outputs/predictions/ham10000_internal_test_predictions_efficientnetv2b0_seed1_20260508T092726Z.csv,outputs/predictions/bosque_public_predictions_efficientnetv2b0_seed1_20260508T092726Z.csv
EfficientNetV2B0,2,auc_pr,BOSQUE dark,1002,46,0.7322869172229063,0.6715007932597238,0.790390611669075,0.7723392268254661,0.5908276703138435,0.9102047927585694,-0.04005230960255979,-0.19384953115540865,0.14745309324761902,0.85,0.05,inconclusive,inconclusive,inconclusive,outputs/predictions/ham10000_internal_test_predictions_efficientnetv2b0_seed2_20260508T102810Z.csv,outputs/predictions/bosque_public_predictions_efficientnetv2b0_seed2_20260508T102810Z.csv
EfficientNetV2B0,3,auc_pr,BOSQUE dark,1002,46,0.7861271487276731,0.7362045684446764,0.8325249719172092,0.7846903813999491,0.621353368465241,0.9103744963998406,0.00143676732772402,-0.1370896361172316,0.16901529413316052,0.85,0.05,inconclusive,inconclusive,inconclusive,outputs/predictions/ham10000_internal_test_predictions_efficientnetv2b0_seed3_20260508T111152Z.csv,outputs/predictions/bosque_public_predictions_efficientnetv2b0_seed3_20260508T111152Z.csv
EfficientNetV2B0,4,auc_pr,BOSQUE dark,1002,46,0.7443894723027012,0.6772330317410391,0.8066725757759061,0.7776830008972868,0.6045640370996063,0.9119427481647767,-0.033293528594585564,-0.18784481625658095,0.1593080918972242,0.85,0.05,inconclusive,inconclusive,inconclusive,outputs/predictions/ham10000_internal_test_predictions_efficientnetv2b0_seed4_20260508T131324Z.csv,outputs/predictions/bosque_public_predictions_efficientnetv2b0_seed4_20260508T131324Z.csv
EfficientNetV2B0,5,auc_pr,BOSQUE dark,1002,46,0.7113147014664541,0.645150568916136,0.7768491749075281,0.7881316166066088,0.6161427609436302,0.918004392044107,-0.07681691514015465,-0.22041937789613475,0.11004182730334607,0.85,0.05,inconclusive,inconclusive,inconclusive,outputs/predictions/ham10000_internal_test_predictions_efficientnetv2b0_seed5_20260508T140842Z.csv,outputs/predictions/bosque_public_predictions_efficientnetv2b0_seed5_20260508T140842Z.csv
VGG16,1,auc_pr,BOSQUE dark,1002,46,0.7772327990419748,0.7141254322979339,0.8369367444298088,0.7945969493553691,0.6277360710353782,0.9186403593954987,-0.017364150313394222,-0.15460541029580877,0.15739880747980867,0.85,0.05,inconclusive,inconclusive,inconclusive,outputs/predictions/ham10000_internal_test_predictions_vgg16_seed1_20260508T150334Z.csv,outputs/predictions/bosque_public_predictions_vgg16_seed1_20260508T150334Z.csv
VGG16,2,auc_pr,BOSQUE dark,1002,46,0.7622403662428703,0.7021864730830423,0.812586568197746,0.7465656220330952,0.5495162926568057,0.9091102949415457,0.015674744209775104,-0.15981645924173107,0.22198559133814755,0.85,0.05,inconclusive,inconclusive,inconclusive,outputs/predictions/ham10000_internal_test_predictions_vgg16_seed2_20260508T155913Z.csv,outputs/predictions/bosque_public_predictions_vgg16_seed2_20260508T155913Z.csv
VGG16,3,auc_pr,BOSQUE dark,1002,46,0.7420305157451521,0.6820650054454505,0.8015392303422226,0.8007600890879933,0.6339494253397638,0.9286726589515912,-0.058729573342841235,-0.20096234228362475,0.11315918298811065,0.85,0.05,inconclusive,inconclusive,inconclusive,outputs/predictions/ham10000_internal_test_predictions_vgg16_seed3_20260508T172421Z.csv,outputs/predictions/bosque_public_predictions_vgg16_seed3_20260508T172421Z.csv
VGG16,4,auc_pr,BOSQUE dark,1002,46,0.7205749420462662,0.6554373049496504,0.7882427541735972,0.7277195237141545,0.536141908399053,0.9073883232576889,-0.007144581667888339,-0.20175350332682285,0.20904348449758164,0.85,0.05,inconclusive,inconclusive,inconclusive,outputs/predictions/ham10000_internal_test_predictions_vgg16_seed4_20260508T185430Z.csv,outputs/predictions/bosque_public_predictions_vgg16_seed4_20260508T185430Z.csv
VGG16,5,auc_pr,BOSQUE dark,1002,46,0.7394610785697587,0.67385642474146,0.8047163939638626,0.7331042570712589,0.540578061220342,0.9018104687976959,0.0063568214984998095,-0.17102452342710767,0.2092300499309519,0.85,0.05,inconclusive,inconclusive,inconclusive,outputs/predictions/ham10000_internal_test_predictions_vgg16_seed5_20260508T194156Z.csv,outputs/predictions/bosque_public_predictions_vgg16_seed5_20260508T194156Z.csv
ResNet50,1,auc_pr,BOSQUE light,1002,105,0.8254159896389256,0.7723827546216995,0.8702060323405092,0.9348752423714007,0.8677215097940038,0.9821011372833293,-0.10945925273247514,-0.18414757289496342,-0.03230346305637979,0.85,0.05,adequate,transported,adequate and transported,outputs/predictions/ham10000_internal_test_predictions_resnet50_seed1_20260505T132245Z.csv,outputs/predictions/bosque_public_predictions_resnet50_seed1_20260505T132245Z.csv
ResNet50,2,auc_pr,BOSQUE light,1002,105,0.7460644464460853,0.6812553678379879,0.8058115092287996,0.9449488201713617,0.89860189967416,0.9796287454550062,-0.19888437372527645,-0.2715110903708175,-0.12266629279899255,0.85,0.05,adequate,transported,adequate and transported,outputs/predictions/ham10000_internal_test_predictions_resnet50_seed2_20260505T170225Z.csv,outputs/predictions/bosque_public_predictions_resnet50_seed2_20260505T170225Z.csv
ResNet50,3,auc_pr,BOSQUE light,1002,105,0.7349151930783451,0.6658284106716698,0.802304023355433,0.944250186760553,0.8911968112794814,0.9818737412486132,-0.20933499368220787,-0.29165672690346184,-0.12590464483300162,0.85,0.05,adequate,transported,adequate and transported,outputs/predictions/ham10000_internal_test_predictions_resnet50_seed3_20260505T200129Z.csv,outputs/predictions/bosque_public_predictions_resnet50_seed3_20260505T200129Z.csv
ResNet50,4,auc_pr,BOSQUE light,1002,105,0.7839328353088832,0.722977687720891,0.8362958614150913,0.9561994647913192,0.9198368427752149,0.9817219854640279,-0.17226662948243598,-0.24068577971424168,-0.10881989800410809,0.85,0.05,adequate,transported,adequate and transported,outputs/predictions/ham10000_internal_test_predictions_resnet50_seed4_20260505T211056Z.csv,outputs/predictions/bosque_public_predictions_resnet50_seed4_20260505T211056Z.csv
ResNet50,5,auc_pr,BOSQUE light,1002,105,0.7831817614487236,0.730069454615632,0.8363159048760743,0.9527445045026257,0.9139611102752161,0.9821012877356063,-0.16956274305390207,-0.23144625444062747,-0.10491323557570083,0.85,0.05,adequate,transported,adequate and transported,outputs/predictions/ham10000_internal_test_predictions_resnet50_seed5_20260506T060814Z.csv,outputs/predictions/bosque_public_predictions_resnet50_seed5_20260506T060814Z.csv
DenseNet121,1,auc_pr,BOSQUE light,1002,105,0.7573085176216687,0.6947592214632865,0.814540709869418,0.9187092202583045,0.8473150314626349,0.9701731887932848,-0.16140070263663575,-0.2449174978579448,-0.07178880657219416,0.85,0.05,inconclusive,transported,inconclusive,outputs/predictions/ham10000_internal_test_predictions_densenet121_seed1_20260507T083954Z.csv,outputs/predictions/bosque_public_predictions_densenet121_seed1_20260507T083954Z.csv
DenseNet121,2,auc_pr,BOSQUE light,1002,105,0.7006596590965503,0.6358112092013468,0.763176596460287,0.911870413242394,0.8290110786601363,0.9716343685569828,-0.21121075414584378,-0.29946980241156235,-0.11085586070320373,0.85,0.05,inconclusive,transported,inconclusive,outputs/predictions/ham10000_internal_test_predictions_densenet121_seed2_20260507T104740Z.csv,outputs/predictions/bosque_public_predictions_densenet121_seed2_20260507T104740Z.csv
DenseNet121,3,auc_pr,BOSQUE light,1002,105,0.7532987448098206,0.6948989788142356,0.8043220100352941,0.9435752513891488,0.8836736316419594,0.9824126370622784,-0.19027650657932815,-0.2619526435847028,-0.11370920424249299,0.85,0.05,adequate,transported,adequate and transported,outputs/predictions/ham10000_internal_test_predictions_densenet121_seed3_20260507T120928Z.csv,outputs/predictions/bosque_public_predictions_densenet121_seed3_20260507T120928Z.csv
DenseNet121,4,auc_pr,BOSQUE light,1002,105,0.7263014386905409,0.6656336472910046,0.787878818462411,0.9432195444785704,0.8869363776036092,0.9828078796982229,-0.2169181057880295,-0.29297004278687233,-0.13257911218470478,0.85,0.05,adequate,transported,adequate and transported,outputs/predictions/ham10000_internal_test_predictions_densenet121_seed4_20260507T140333Z.csv,outputs/predictions/bosque_public_predictions_densenet121_seed4_20260507T140333Z.csv
DenseNet121,5,auc_pr,BOSQUE light,1002,105,0.7254321823633717,0.6632777591075495,0.785808259474039,0.9343531984507226,0.8852082622292209,0.974643717904435,-0.20892101608735092,-0.28501499019840726,-0.133287356420281,0.85,0.05,adequate,transported,adequate and transported,outputs/predictions/ham10000_internal_test_predictions_densenet121_seed5_20260507T160422Z.csv,outputs/predictions/bosque_public_predictions_densenet121_seed5_20260507T160422Z.csv
MobileNetV2,1,auc_pr,BOSQUE light,1002,105,0.7778569595450286,0.7228840068092234,0.8279580507520059,0.939900282440319,0.8962217781521651,0.9748276701014897,-0.16204332289529033,-0.23044985578958072,-0.0965270393567001,0.85,0.05,adequate,transported,adequate and transported,outputs/predictions/ham10000_internal_test_predictions_mobilenetv2_seed1_20260507T165942Z.csv,outputs/predictions/bosque_public_predictions_mobilenetv2_seed1_20260507T165942Z.csv
MobileNetV2,2,auc_pr,BOSQUE light,1002,105,0.6982070770192408,0.632213708707388,0.76313243411262,0.9164541740645148,0.8506027864025772,0.9674679996897352,-0.218247097045274,-0.3028610669921343,-0.12934189951439692,0.85,0.05,adequate,transported,adequate and transported,outputs/predictions/ham10000_internal_test_predictions_mobilenetv2_seed2_20260507T172558Z.csv,outputs/predictions/bosque_public_predictions_mobilenetv2_seed2_20260507T172558Z.csv
MobileNetV2,3,auc_pr,BOSQUE light,1002,105,0.663463644043275,0.5948204043673324,0.7352312480762192,0.9271695393052307,0.8668156786717706,0.971745825175505,-0.26370589526195576,-0.3451736208597229,-0.16940785489558502,0.85,0.05,adequate,transported,adequate and transported,outputs/predictions/ham10000_internal_test_predictions_mobilenetv2_seed3_20260507T175449Z.csv,outputs/predictions/bosque_public_predictions_mobilenetv2_seed3_20260507T175449Z.csv
MobileNetV2,4,auc_pr,BOSQUE light,1002,105,0.7456569488582457,0.6845210656004352,0.7999489814827992,0.9356153586629448,0.8829821172703401,0.9779165228785816,-0.18995840980469902,-0.2660471185884388,-0.11694751710533485,0.85,0.05,adequate,transported,adequate and transported,outputs/predictions/ham10000_internal_test_predictions_mobilenetv2_seed4_20260507T181806Z.csv,outputs/predictions/bosque_public_predictions_mobilenetv2_seed4_20260507T181806Z.csv
MobileNetV2,5,auc_pr,BOSQUE light,1002,105,0.7431842044546609,0.6812594313876345,0.8015596111526085,0.9400821670019462,0.8940949770125469,0.9762992880871839,-0.1968979625472853,-0.26877520228708607,-0.12500509171304586,0.85,0.05,adequate,transported,adequate and transported,outputs/predictions/ham10000_internal_test_predictions_mobilenetv2_seed5_20260508T061530Z.csv,outputs/predictions/bosque_public_predictions_mobilenetv2_seed5_20260508T061530Z.csv
EfficientNetV2B0,1,auc_pr,BOSQUE light,1002,105,0.7828598443806075,0.7275794343995484,0.8312615743326383,0.9461913644434586,0.8929633153541956,0.9851599894394726,-0.16333152006285112,-0.23182410461771075,-0.09637940188748467,0.85,0.05,adequate,transported,adequate and transported,outputs/predictions/ham10000_internal_test_predictions_efficientnetv2b0_seed1_20260508T092726Z.csv,outputs/predictions/bosque_public_predictions_efficientnetv2b0_seed1_20260508T092726Z.csv
EfficientNetV2B0,2,auc_pr,BOSQUE light,1002,105,0.7322869172229063,0.6711122001229155,0.7906156425266457,0.9383131040361486,0.8734261075056129,0.9838406186813965,-0.20602618681324236,-0.28744088595010864,-0.11852646258795826,0.85,0.05,adequate,transported,adequate and transported,outputs/predictions/ham10000_internal_test_predictions_efficientnetv2b0_seed2_20260508T102810Z.csv,outputs/predictions/bosque_public_predictions_efficientnetv2b0_seed2_20260508T102810Z.csv
EfficientNetV2B0,3,auc_pr,BOSQUE light,1002,105,0.7861271487276731,0.736561797043974,0.8327056506031247,0.9578555409995858,0.9201133893596412,0.9845437110354942,-0.17172839227191272,-0.23077322800246106,-0.11375065385214496,0.85,0.05,adequate,transported,adequate and transported,outputs/predictions/ham10000_internal_test_predictions_efficientnetv2b0_seed3_20260508T111152Z.csv,outputs/predictions/bosque_public_predictions_efficientnetv2b0_seed3_20260508T111152Z.csv
EfficientNetV2B0,4,auc_pr,BOSQUE light,1002,105,0.7443894723027012,0.6783608660014063,0.8036209124843591,0.9540872090849896,0.9127222234238471,0.9850186554241679,-0.2096977367822883,-0.28583989363693385,-0.13802665417402518,0.85,0.05,adequate,transported,adequate and transported,outputs/predictions/ham10000_internal_test_predictions_efficientnetv2b0_seed4_20260508T131324Z.csv,outputs/predictions/bosque_public_predictions_efficientnetv2b0_seed4_20260508T131324Z.csv
EfficientNetV2B0,5,auc_pr,BOSQUE light,1002,105,0.7113147014664541,0.6422946562111935,0.7785468739092926,0.9574037305146091,0.9176482524297809,0.9864922729467555,-0.246089029048155,-0.31867512389378794,-0.17189695514092843,0.85,0.05,adequate,transported,adequate and transported,outputs/predictions/ham10000_internal_test_predictions_efficientnetv2b0_seed5_20260508T140842Z.csv,outputs/predictions/bosque_public_predictions_efficientnetv2b0_seed5_20260508T140842Z.csv
VGG16,1,auc_pr,BOSQUE light,1002,105,0.7772327990419748,0.7201825315832728,0.8348686779401829,0.9290310446723564,0.8794792151339246,0.9667379585136784,-0.15179824563038158,-0.2194630387989367,-0.07758971506132797,0.85,0.05,adequate,transported,adequate and transported,outputs/predictions/ham10000_internal_test_predictions_vgg16_seed1_20260508T150334Z.csv,outputs/predictions/bosque_public_predictions_vgg16_seed1_20260508T150334Z.csv
VGG16,2,auc_pr,BOSQUE light,1002,105,0.7622403662428703,0.7054888347647248,0.8149583143754587,0.9027472891506857,0.8480074722366959,0.9473630410362696,-0.1405069229078154,-0.2142672445285483,-0.06835673651890888,0.85,0.05,inconclusive,transported,inconclusive,outputs/predictions/ham10000_internal_test_predictions_vgg16_seed2_20260508T155913Z.csv,outputs/predictions/bosque_public_predictions_vgg16_seed2_20260508T155913Z.csv
VGG16,3,auc_pr,BOSQUE light,1002,105,0.7420305157451521,0.6795266456011478,0.7989936141952125,0.9232585257727144,0.8675566426302302,0.9679355034513386,-0.18122801002756228,-0.25986658630847703,-0.1020223566746249,0.85,0.05,adequate,transported,adequate and transported,outputs/predictions/ham10000_internal_test_predictions_vgg16_seed3_20260508T172421Z.csv,outputs/predictions/bosque_public_predictions_vgg16_seed3_20260508T172421Z.csv
VGG16,4,auc_pr,BOSQUE light,1002,105,0.7205749420462662,0.650012415654922,0.7863687392745202,0.9232578964171716,0.8684200788152926,0.9682276131626752,-0.20268295437090544,-0.29065321822705875,-0.11547930626411457,0.85,0.05,adequate,transported,adequate and transported,outputs/predictions/ham10000_internal_test_predictions_vgg16_seed4_20260508T185430Z.csv,outputs/predictions/bosque_public_predictions_vgg16_seed4_20260508T185430Z.csv
VGG16,5,auc_pr,BOSQUE light,1002,105,0.7394610785697587,0.6702575943617237,0.803912956436407,0.9191885708831079,0.865100398923763,0.9627378267578242,-0.17972749231334917,-0.26246374978882014,-0.09828794281810034,0.85,0.05,adequate,transported,adequate and transported,outputs/predictions/ham10000_internal_test_predictions_vgg16_seed5_20260508T194156Z.csv,outputs/predictions/bosque_public_predictions_vgg16_seed5_20260508T194156Z.csv
ResNet50,1,auc_pr,BOSQUE overall,1002,151,0.8254159896389256,0.7729028151487661,0.8720005770033576,0.8842068410425271,0.8189668916993009,0.9382699897498158,-0.05879085140360152,-0.1335977696450288,0.022446056428801982,0.85,0.05,inconclusive,transported,inconclusive,outputs/predictions/ham10000_internal_test_predictions_resnet50_seed1_20260505T132245Z.csv,outputs/predictions/bosque_public_predictions_resnet50_seed1_20260505T132245Z.csv
ResNet50,2,auc_pr,BOSQUE overall,1002,151,0.7460644464460853,0.6812676741729136,0.8112983791755323,0.9026633607166453,0.8518535315999326,0.9440965636792752,-0.15659891427056005,-0.23484300077655465,-0.07980473242458361,0.85,0.05,adequate,transported,adequate and transported,outputs/predictions/ham10000_internal_test_predictions_resnet50_seed2_20260505T170225Z.csv,outputs/predictions/bosque_public_predictions_resnet50_seed2_20260505T170225Z.csv
ResNet50,3,auc_pr,BOSQUE overall,1002,151,0.7349151930783451,0.6664118121467977,0.8013063155127979,0.8987602673205559,0.842768510307354,0.9459189076101602,-0.16384507424221084,-0.2497214964742658,-0.0766322018852153,0.85,0.05,inconclusive,transported,inconclusive,outputs/predictions/ham10000_internal_test_predictions_resnet50_seed3_20260505T200129Z.csv,outputs/predictions/bosque_public_predictions_resnet50_seed3_20260505T200129Z.csv
ResNet50,4,auc_pr,BOSQUE overall,1002,151,0.7839328353088832,0.7252582409593743,0.8364107156643116,0.9126103714209982,0.8667867072021456,0.9522911750123093,-0.12867753611211497,-0.2013289627544688,-0.059678125229824484,0.85,0.05,adequate,transported,adequate and transported,outputs/predictions/ham10000_internal_test_predictions_resnet50_seed4_20260505T211056Z.csv,outputs/predictions/bosque_public_predictions_resnet50_seed4_20260505T211056Z.csv
ResNet50,5,auc_pr,BOSQUE overall,1002,151,0.7831817614487236,0.7270894518785033,0.8321749656564784,0.9215695806315778,0.8805544690667526,0.9572749877856642,-0.13838781918285414,-0.20566893031858693,-0.07055206085788739,0.85,0.05,adequate,transported,adequate and transported,outputs/predictions/ham10000_internal_test_predictions_resnet50_seed5_20260506T060814Z.csv,outputs/predictions/bosque_public_predictions_resnet50_seed5_20260506T060814Z.csv
DenseNet121,1,auc_pr,BOSQUE overall,1002,151,0.7573085176216687,0.6949932415167254,0.8160867293535979,0.8876357302289999,0.8257600290730295,0.9351027017859819,-0.13032721260733116,-0.21278367349229058,-0.04813712057716595,0.85,0.05,inconclusive,transported,inconclusive,outputs/predictions/ham10000_internal_test_predictions_densenet121_seed1_20260507T083954Z.csv,outputs/predictions/bosque_public_predictions_densenet121_seed1_20260507T083954Z.csv
DenseNet121,2,auc_pr,BOSQUE overall,1002,151,0.7006596590965503,0.6311733437636834,0.7632611236693443,0.874528012343668,0.799901276303908,0.9368169763279304,-0.1738683532471177,-0.2694006576216608,-0.07570197437041744,0.85,0.05,inconclusive,transported,inconclusive,outputs/predictions/ham10000_internal_test_predictions_densenet121_seed2_20260507T104740Z.csv,outputs/predictions/bosque_public_predictions_densenet121_seed2_20260507T104740Z.csv
DenseNet121,3,auc_pr,BOSQUE overall,1002,151,0.7532987448098206,0.6970029159018455,0.8035145966963312,0.9100893230542388,0.8500438056056797,0.9573796575679852,-0.15679057824441822,-0.23547523210071475,-0.08323719157354145,0.85,0.05,adequate,transported,adequate and transported,outputs/predictions/ham10000_internal_test_predictions_densenet121_seed3_20260507T120928Z.csv,outputs/predictions/bosque_public_predictions_densenet121_seed3_20260507T120928Z.csv
DenseNet121,4,auc_pr,BOSQUE overall,1002,151,0.7263014386905409,0.6628263311607095,0.7877648267333396,0.9228720196869904,0.872234808401878,0.964820505697647,-0.19657058099644953,-0.2780369740635765,-0.11800189483948488,0.85,0.05,adequate,transported,adequate and transported,outputs/predictions/ham10000_internal_test_predictions_densenet121_seed4_20260507T140333Z.csv,outputs/predictions/bosque_public_predictions_densenet121_seed4_20260507T140333Z.csv
DenseNet121,5,auc_pr,BOSQUE overall,1002,151,0.7254321823633717,0.660546847725397,0.7845844773471701,0.9143379474017763,0.865013512286245,0.9546870914768466,-0.18890576503840462,-0.2632744521300454,-0.11050626525053045,0.85,0.05,adequate,transported,adequate and transported,outputs/predictions/ham10000_internal_test_predictions_densenet121_seed5_20260507T160422Z.csv,outputs/predictions/bosque_public_predictions_densenet121_seed5_20260507T160422Z.csv
MobileNetV2,1,auc_pr,BOSQUE overall,1002,151,0.7778569595450286,0.7214210922903118,0.827754785501092,0.8536740294646347,0.7856678415383699,0.9145174022337332,-0.07581706991960602,-0.15915951054317717,0.010170921876372582,0.85,0.05,inconclusive,transported,inconclusive,outputs/predictions/ham10000_internal_test_predictions_mobilenetv2_seed1_20260507T165942Z.csv,outputs/predictions/bosque_public_predictions_mobilenetv2_seed1_20260507T165942Z.csv
MobileNetV2,2,auc_pr,BOSQUE overall,1002,151,0.6982070770192408,0.6285864867978266,0.7614940351178355,0.8505857797317719,0.7858664293753242,0.9094138861133078,-0.15237870271253107,-0.24413409888267537,-0.05805533961381899,0.85,0.05,inconclusive,transported,inconclusive,outputs/predictions/ham10000_internal_test_predictions_mobilenetv2_seed2_20260507T172558Z.csv,outputs/predictions/bosque_public_predictions_mobilenetv2_seed2_20260507T172558Z.csv
MobileNetV2,3,auc_pr,BOSQUE overall,1002,151,0.663463644043275,0.5922751814071157,0.7360690842971055,0.8634600116904525,0.7998940850170724,0.9181639269510097,-0.19999636764717754,-0.2925865171905959,-0.09992363200571278,0.85,0.05,inconclusive,transported,inconclusive,outputs/predictions/ham10000_internal_test_predictions_mobilenetv2_seed3_20260507T175449Z.csv,outputs/predictions/bosque_public_predictions_mobilenetv2_seed3_20260507T175449Z.csv
MobileNetV2,4,auc_pr,BOSQUE overall,1002,151,0.7456569488582457,0.6844092406935781,0.7978740536157282,0.8673414497227776,0.8033738607858545,0.9222753918716222,-0.12168450086453186,-0.2017343229192463,-0.039165052645741834,0.85,0.05,inconclusive,transported,inconclusive,outputs/predictions/ham10000_internal_test_predictions_mobilenetv2_seed4_20260507T181806Z.csv,outputs/predictions/bosque_public_predictions_mobilenetv2_seed4_20260507T181806Z.csv
MobileNetV2,5,auc_pr,BOSQUE overall,1002,151,0.7431842044546609,0.6789115553442463,0.806190997723523,0.8561750575142856,0.7892052787676275,0.9112415847251747,-0.11299085305962464,-0.19529973694991548,-0.0239512791188772,0.85,0.05,inconclusive,transported,inconclusive,outputs/predictions/ham10000_internal_test_predictions_mobilenetv2_seed5_20260508T061530Z.csv,outputs/predictions/bosque_public_predictions_mobilenetv2_seed5_20260508T061530Z.csv
EfficientNetV2B0,1,auc_pr,BOSQUE overall,1002,151,0.7828598443806075,0.7277345796185604,0.8315836854237169,0.9149517821859534,0.8656929764930046,0.9554772060043499,-0.1320919378053459,-0.19753143161895625,-0.05929745410070106,0.85,0.05,adequate,transported,adequate and transported,outputs/predictions/ham10000_internal_test_predictions_efficientnetv2b0_seed1_20260508T092726Z.csv,outputs/predictions/bosque_public_predictions_efficientnetv2b0_seed1_20260508T092726Z.csv
EfficientNetV2B0,2,auc_pr,BOSQUE overall,1002,151,0.7322869172229063,0.6681309860761119,0.7871792341599204,0.8994559283320662,0.8339845994866067,0.9536648737592868,-0.16716901110915994,-0.2513135289279922,-0.08366706536775005,0.85,0.05,inconclusive,transported,inconclusive,outputs/predictions/ham10000_internal_test_predictions_efficientnetv2b0_seed2_20260508T102810Z.csv,outputs/predictions/bosque_public_predictions_efficientnetv2b0_seed2_20260508T102810Z.csv
EfficientNetV2B0,3,auc_pr,BOSQUE overall,1002,151,0.7861271487276731,0.7364964148914163,0.8326573442167569,0.921649833709764,0.8775179348596558,0.9591713510168804,-0.13552268498209097,-0.19767998084713195,-0.0703543365386777,0.85,0.05,adequate,transported,adequate and transported,outputs/predictions/ham10000_internal_test_predictions_efficientnetv2b0_seed3_20260508T111152Z.csv,outputs/predictions/bosque_public_predictions_efficientnetv2b0_seed3_20260508T111152Z.csv
EfficientNetV2B0,4,auc_pr,BOSQUE overall,1002,151,0.7443894723027012,0.6808168439446401,0.805170218107768,0.9127304177089031,0.8653145985597112,0.9539078734007801,-0.16834094540620181,-0.2434194760959845,-0.09052592327151233,0.85,0.05,adequate,transported,adequate and transported,outputs/predictions/ham10000_internal_test_predictions_efficientnetv2b0_seed4_20260508T131324Z.csv,outputs/predictions/bosque_public_predictions_efficientnetv2b0_seed4_20260508T131324Z.csv
EfficientNetV2B0,5,auc_pr,BOSQUE overall,1002,151,0.7113147014664541,0.642118195755527,0.7786333322139037,0.9161416143000694,0.8655295888003204,0.9576449599067001,-0.2048269128336152,-0.28477267663403144,-0.11892647716231393,0.85,0.05,adequate,transported,adequate and transported,outputs/predictions/ham10000_internal_test_predictions_efficientnetv2b0_seed5_20260508T140842Z.csv,outputs/predictions/bosque_public_predictions_efficientnetv2b0_seed5_20260508T140842Z.csv
VGG16,1,auc_pr,BOSQUE overall,1002,151,0.7772327990419748,0.7193742638618206,0.8326864716193126,0.895567488936756,0.8463957349905166,0.9408349319213466,-0.11833468989478113,-0.1919241311129172,-0.04526958048922563,0.85,0.05,inconclusive,transported,inconclusive,outputs/predictions/ham10000_internal_test_predictions_vgg16_seed1_20260508T150334Z.csv,outputs/predictions/bosque_public_predictions_vgg16_seed1_20260508T150334Z.csv
VGG16,2,auc_pr,BOSQUE overall,1002,151,0.7622403662428703,0.7057670430920118,0.8129537556676485,0.8636280350685155,0.7997588545447563,0.9184791366447903,-0.1013876688256452,-0.18056012888116665,-0.018896134405260324,0.85,0.05,inconclusive,transported,inconclusive,outputs/predictions/ham10000_internal_test_predictions_vgg16_seed2_20260508T155913Z.csv,outputs/predictions/bosque_public_predictions_vgg16_seed2_20260508T155913Z.csv
VGG16,3,auc_pr,BOSQUE overall,1002,151,0.7420305157451521,0.6833376559177213,0.7998310977903059,0.8909503617933895,0.8326795698103645,0.9369623565516254,-0.14891984604823738,-0.2252006578957193,-0.06927057908562569,0.85,0.05,inconclusive,transported,inconclusive,outputs/predictions/ham10000_internal_test_predictions_vgg16_seed3_20260508T172421Z.csv,outputs/predictions/bosque_public_predictions_vgg16_seed3_20260508T172421Z.csv
VGG16,4,auc_pr,BOSQUE overall,1002,151,0.7205749420462662,0.6550614494420708,0.7871514741330164,0.8755746747170438,0.8076243697504494,0.9338409829757606,-0.1549997326707776,-0.24337517414445559,-0.059971044278509265,0.85,0.05,inconclusive,transported,inconclusive,outputs/predictions/ham10000_internal_test_predictions_vgg16_seed4_20260508T185430Z.csv,outputs/predictions/bosque_public_predictions_vgg16_seed4_20260508T185430Z.csv
VGG16,5,auc_pr,BOSQUE overall,1002,151,0.7394610785697587,0.6713991408616383,0.8030478875865359,0.8683207038890147,0.8026955984564006,0.9274384273221351,-0.128859625319256,-0.21818910304021497,-0.03720303816456688,0.85,0.05,inconclusive,transported,inconclusive,outputs/predictions/ham10000_internal_test_predictions_vgg16_seed5_20260508T194156Z.csv,outputs/predictions/bosque_public_predictions_vgg16_seed5_20260508T194156Z.csv
ResNet50,1,f1,BOSQUE dark,1002,46,0.7506426735218509,0.6986515235457064,0.7970158557014295,0.5,0.2608695652173913,0.6976744186046512,0.2506426735218509,0.050712227921082015,0.5001471006010019,0.7,0.05,not adequate,not transported,not adequate and not transported,outputs/predictions/ham10000_internal_test_predictions_resnet50_seed1_20260505T132245Z.csv,outputs/predictions/bosque_public_predictions_resnet50_seed1_20260505T132245Z.csv
ResNet50,2,f1,BOSQUE dark,1002,46,0.6631016042780749,0.6064090847293766,0.7185049430294906,0.6111111111111112,0.4,0.782608695652174,0.05199049316696369,-0.12846585690533166,0.27125278973377964,0.7,0.05,inconclusive,inconclusive,inconclusive,outputs/predictions/ham10000_internal_test_predictions_resnet50_seed2_20260505T170225Z.csv,outputs/predictions/bosque_public_predictions_resnet50_seed2_20260505T170225Z.csv
ResNet50,3,f1,BOSQUE dark,1002,46,0.7096774193548387,0.6579617287343685,0.7575796626054357,0.5294117647058824,0.30303030303030304,0.7058823529411765,0.18026565464895639,-0.0023310423157104185,0.41343909642401017,0.7,0.05,inconclusive,inconclusive,inconclusive,outputs/predictions/ham10000_internal_test_predictions_resnet50_seed3_20260505T200129Z.csv,outputs/predictions/bosque_public_predictions_resnet50_seed3_20260505T200129Z.csv
ResNet50,4,f1,BOSQUE dark,1002,46,0.7153652392947103,0.6632639843502167,0.7648459125866185,0.5454545454545454,0.32,0.75,0.16991069384016488,-0.0330343399582668,0.40344421280355686,0.7,0.05,inconclusive,inconclusive,inconclusive,outputs/predictions/ham10000_internal_test_predictions_resnet50_seed4_20260505T211056Z.csv,outputs/predictions/bosque_public_predictions_resnet50_seed4_20260505T211056Z.csv
ResNet50,5,f1,BOSQUE dark,1002,46,0.7080103359173127,0.6525112443778112,0.7569129293308137,0.5517241379310345,0.3,0.7586206896551724,0.15628619798627819,-0.0692293481127337,0.4110338345864661,0.7,0.05,inconclusive,inconclusive,inconclusive,outputs/predictions/ham10000_internal_test_predictions_resnet50_seed5_20260506T060814Z.csv,outputs/predictions/bosque_public_predictions_resnet50_seed5_20260506T060814Z.csv
DenseNet121,1,f1,BOSQUE dark,1002,46,0.7170731707317073,0.6633390816019078,0.7632868680163735,0.6470588235294118,0.4346273291925466,0.8125,0.07001434720229549,-0.10318208952731622,0.2908905387093673,0.7,0.05,inconclusive,inconclusive,inconclusive,outputs/predictions/ham10000_internal_test_predictions_densenet121_seed1_20260507T083954Z.csv,outputs/predictions/bosque_public_predictions_densenet121_seed1_20260507T083954Z.csv
DenseNet121,2,f1,BOSQUE dark,1002,46,0.6542056074766355,0.6014311464192132,0.704807435370481,0.6486486486486487,0.4444444444444444,0.8108108108108109,0.005556958827986791,-0.1676916016801325,0.21105419459492575,0.7,0.05,inconclusive,inconclusive,inconclusive,outputs/predictions/ham10000_internal_test_predictions_densenet121_seed2_20260507T104740Z.csv,outputs/predictions/bosque_public_predictions_densenet121_seed2_20260507T104740Z.csv
DenseNet121,3,f1,BOSQUE dark,1002,46,0.6618357487922706,0.6091354112990758,0.7101227084565346,0.6857142857142857,0.4827586206896552,0.8334302325581391,-0.023878536922015137,-0.1842710921674805,0.1773555474821507,0.7,0.05,inconclusive,inconclusive,inconclusive,outputs/predictions/ham10000_internal_test_predictions_densenet121_seed3_20260507T120928Z.csv,outputs/predictions/bosque_public_predictions_densenet121_seed3_20260507T120928Z.csv
DenseNet121,4,f1,BOSQUE dark,1002,46,0.6490384615384616,0.5916211931273505,0.6993368152493282,0.5161290322580645,0.26666666666666666,0.7096774193548387,0.13290942928039706,-0.0709575202817929,0.38003769511602403,0.7,0.05,inconclusive,inconclusive,inconclusive,outputs/predictions/ham10000_internal_test_predictions_densenet121_seed4_20260507T140333Z.csv,outputs/predictions/bosque_public_predictions_densenet121_seed4_20260507T140333Z.csv
DenseNet121,5,f1,BOSQUE dark,1002,46,0.6682242990654206,0.6146566338003806,0.7162212585720048,0.6470588235294118,0.43478260869565216,0.8205128205128205,0.021165475536008782,-0.15379076386743748,0.24838812982405678,0.7,0.05,inconclusive,inconclusive,inconclusive,outputs/predictions/ham10000_internal_test_predictions_densenet121_seed5_20260507T160422Z.csv,outputs/predictions/bosque_public_predictions_densenet121_seed5_20260507T160422Z.csv
MobileNetV2,1,f1,BOSQUE dark,1002,46,0.6909975669099757,0.6367756064690028,0.7419426523297491,0.5454545454545454,0.35,0.7169811320754716,0.1455430214554303,-0.02990266630247504,0.34754883139780557,0.7,0.05,inconclusive,inconclusive,inconclusive,outputs/predictions/ham10000_internal_test_predictions_mobilenetv2_seed1_20260507T165942Z.csv,outputs/predictions/bosque_public_predictions_mobilenetv2_seed1_20260507T165942Z.csv
MobileNetV2,2,f1,BOSQUE dark,1002,46,0.6601466992665037,0.6051193633952254,0.7125904387473722,0.5714285714285714,0.3783783783783784,0.7307692307692307,0.08871812783793231,-0.08137788514713154,0.28756956134264144,0.7,0.05,inconclusive,inconclusive,inconclusive,outputs/predictions/ham10000_internal_test_predictions_mobilenetv2_seed2_20260507T172558Z.csv,outputs/predictions/bosque_public_predictions_mobilenetv2_seed2_20260507T172558Z.csv
MobileNetV2,3,f1,BOSQUE dark,1002,46,0.6602870813397129,0.6045248215785055,0.7120887445887446,0.55,0.3448275862068966,0.7222222222222222,0.11028708133971288,-0.06628302397020956,0.3309856923742012,0.7,0.05,inconclusive,inconclusive,inconclusive,outputs/predictions/ham10000_internal_test_predictions_mobilenetv2_seed3_20260507T175449Z.csv,outputs/predictions/bosque_public_predictions_mobilenetv2_seed3_20260507T175449Z.csv
MobileNetV2,4,f1,BOSQUE dark,1002,46,0.662004662004662,0.610074222978197,0.7143009118541033,0.6666666666666666,0.47058823529411764,0.8181818181818182,-0.004662004662004615,-0.1631893125987798,0.1910065783545102,0.7,0.05,inconclusive,inconclusive,inconclusive,outputs/predictions/ham10000_internal_test_predictions_mobilenetv2_seed4_20260507T181806Z.csv,outputs/predictions/bosque_public_predictions_mobilenetv2_seed4_20260507T181806Z.csv
MobileNetV2,5,f1,BOSQUE dark,1002,46,0.6855791962174941,0.6343521481499507,0.7342386555146371,0.5333333333333333,0.3404255319148936,0.6909440559440557,0.15224586288416075,-0.011754555934650754,0.3486925954592363,0.7,0.05,not adequate,inconclusive,inconclusive,outputs/predictions/ham10000_internal_test_predictions_mobilenetv2_seed5_20260508T061530Z.csv,outputs/predictions/bosque_public_predictions_mobilenetv2_seed5_20260508T061530Z.csv
EfficientNetV2B0,1,f1,BOSQUE dark,1002,46,0.7085427135678392,0.6549932864450129,0.7586250216600242,0.6842105263157895,0.48484848484848486,0.8372093023255814,0.024332187252049664,-0.1389684269522979,0.22586711663513034,0.7,0.05,inconclusive,inconclusive,inconclusive,outputs/predictions/ham10000_internal_test_predictions_efficientnetv2b0_seed1_20260508T092726Z.csv,outputs/predictions/bosque_public_predictions_efficientnetv2b0_seed1_20260508T092726Z.csv
EfficientNetV2B0,2,f1,BOSQUE dark,1002,46,0.683046683046683,0.6294344840120997,0.7331923355025307,0.6153846153846154,0.41,0.7692307692307693,0.06766206766206762,-0.09676455631833208,0.2751308424293307,0.7,0.05,inconclusive,inconclusive,inconclusive,outputs/predictions/ham10000_internal_test_predictions_efficientnetv2b0_seed2_20260508T102810Z.csv,outputs/predictions/bosque_public_predictions_efficientnetv2b0_seed2_20260508T102810Z.csv
EfficientNetV2B0,3,f1,BOSQUE dark,1002,46,0.6831955922865014,0.6256684491978609,0.7341130270076092,0.6666666666666666,0.4666666666666667,0.8181818181818182,0.016528925619834767,-0.14611413956022837,0.22876193685021173,0.7,0.05,inconclusive,inconclusive,inconclusive,outputs/predictions/ham10000_internal_test_predictions_efficientnetv2b0_seed3_20260508T111152Z.csv,outputs/predictions/bosque_public_predictions_efficientnetv2b0_seed3_20260508T111152Z.csv
EfficientNetV2B0,4,f1,BOSQUE dark,1002,46,0.6904109589041096,0.6324774774774774,0.7454811344644212,0.7027027027027027,0.5142857142857142,0.848522727272727,-0.012291743798593102,-0.1754901382498834,0.19227793827436782,0.7,0.05,inconclusive,inconclusive,inconclusive,outputs/predictions/ham10000_internal_test_predictions_efficientnetv2b0_seed4_20260508T131324Z.csv,outputs/predictions/bosque_public_predictions_efficientnetv2b0_seed4_20260508T131324Z.csv
EfficientNetV2B0,5,f1,BOSQUE dark,1002,46,0.6614173228346457,0.6045336492621213,0.7169834330418775,0.6285714285714286,0.4,0.8,0.03284589426321716,-0.1534133494161545,0.27048303526658857,0.7,0.05,inconclusive,inconclusive,inconclusive,outputs/predictions/ham10000_internal_test_predictions_efficientnetv2b0_seed5_20260508T140842Z.csv,outputs/predictions/bosque_public_predictions_efficientnetv2b0_seed5_20260508T140842Z.csv
VGG16,1,f1,BOSQUE dark,1002,46,0.6846846846846847,0.6350596974115932,0.7311621247626356,0.5882352941176471,0.375,0.7727272727272727,0.09644939056703761,-0.09627647431832595,0.31511262158914993,0.7,0.05,inconclusive,inconclusive,inconclusive,outputs/predictions/ham10000_internal_test_predictions_vgg16_seed1_20260508T150334Z.csv,outputs/predictions/bosque_public_predictions_vgg16_seed1_20260508T150334Z.csv
VGG16,2,f1,BOSQUE dark,1002,46,0.6767676767676768,0.6173924256551669,0.7298671883610712,0.5454545454545454,0.3076923076923077,0.7368421052631579,0.13131313131313138,-0.059062285342627766,0.37623688062767974,0.7,0.05,inconclusive,inconclusive,inconclusive,outputs/predictions/ham10000_internal_test_predictions_vgg16_seed2_20260508T155913Z.csv,outputs/predictions/bosque_public_predictions_vgg16_seed2_20260508T155913Z.csv
VGG16,3,f1,BOSQUE dark,1002,46,0.6832579185520362,0.6305379623113614,0.731382594080111,0.6666666666666666,0.4666666666666667,0.8260869565217391,0.016591251885369585,-0.14896317123365344,0.21817149651153653,0.7,0.05,inconclusive,inconclusive,inconclusive,outputs/predictions/ham10000_internal_test_predictions_vgg16_seed3_20260508T172421Z.csv,outputs/predictions/bosque_public_predictions_vgg16_seed3_20260508T172421Z.csv
VGG16,4,f1,BOSQUE dark,1002,46,0.6451612903225806,0.5895302305350152,0.6962972658522397,0.6111111111111112,0.41147058823529414,0.7777777777777778,0.03405017921146947,-0.14195289442221246,0.24647539730229778,0.7,0.05,inconclusive,inconclusive,inconclusive,outputs/predictions/ham10000_internal_test_predictions_vgg16_seed4_20260508T185430Z.csv,outputs/predictions/bosque_public_predictions_vgg16_seed4_20260508T185430Z.csv
VGG16,5,f1,BOSQUE dark,1002,46,0.6901408450704225,0.6370258980785297,0.7373271889400922,0.5714285714285714,0.34782608695652173,0.75,0.11871227364185111,-0.06549444839781662,0.34786308457524184,0.7,0.05,inconclusive,inconclusive,inconclusive,outputs/predictions/ham10000_internal_test_predictions_vgg16_seed5_20260508T194156Z.csv,outputs/predictions/bosque_public_predictions_vgg16_seed5_20260508T194156Z.csv
ResNet50,1,f1,BOSQUE light,1002,105,0.7506426735218509,0.6989164016356202,0.7948068598068598,0.7049180327868853,0.6,0.7910447761194029,0.04572464073496563,-0.05391899728414859,0.1585242103337226,0.7,0.05,inconclusive,inconclusive,inconclusive,outputs/predictions/ham10000_internal_test_predictions_resnet50_seed1_20260505T132245Z.csv,outputs/predictions/bosque_public_predictions_resnet50_seed1_20260505T132245Z.csv
ResNet50,2,f1,BOSQUE light,1002,105,0.6631016042780749,0.6048950106990564,0.7158505810086466,0.7244094488188977,0.6298875140607424,0.8085184605757195,-0.06130784454082283,-0.1676233898386889,0.04935193467315458,0.7,0.05,inconclusive,transported,inconclusive,outputs/predictions/ham10000_internal_test_predictions_resnet50_seed2_20260505T170225Z.csv,outputs/predictions/bosque_public_predictions_resnet50_seed2_20260505T170225Z.csv
ResNet50,3,f1,BOSQUE light,1002,105,0.7096774193548387,0.6532585808218471,0.7584418721375243,0.75,0.6607101900393184,0.8260869565217391,-0.040322580645161255,-0.1386334751636205,0.0595529911722805,0.7,0.05,inconclusive,inconclusive,inconclusive,outputs/predictions/ham10000_internal_test_predictions_resnet50_seed3_20260505T200129Z.csv,outputs/predictions/bosque_public_predictions_resnet50_seed3_20260505T200129Z.csv
ResNet50,4,f1,BOSQUE light,1002,105,0.7153652392947103,0.6632349170933834,0.7621483375959079,0.7154471544715447,0.6153846153846154,0.7969952054048163,-8.191517683442395e-05,-0.09853948810658782,0.11019247930825722,0.7,0.05,inconclusive,inconclusive,inconclusive,outputs/predictions/ham10000_internal_test_predictions_resnet50_seed4_20260505T211056Z.csv,outputs/predictions/bosque_public_predictions_resnet50_seed4_20260505T211056Z.csv
ResNet50,5,f1,BOSQUE light,1002,105,0.7080103359173127,0.6561637795275591,0.7574935026524281,0.7096774193548387,0.611087570621469,0.7913813915310703,-0.0016670834375260846,-0.09961291616594803,0.10709409349390753,0.7,0.05,inconclusive,inconclusive,inconclusive,outputs/predictions/ham10000_internal_test_predictions_resnet50_seed5_20260506T060814Z.csv,outputs/predictions/bosque_public_predictions_resnet50_seed5_20260506T060814Z.csv
DenseNet121,1,f1,BOSQUE light,1002,105,0.7170731707317073,0.6666666666666666,0.7650033292978208,0.6833333333333333,0.584070796460177,0.770661861074705,0.03373983739837394,-0.06813243684328799,0.14474780445771,0.7,0.05,inconclusive,inconclusive,inconclusive,outputs/predictions/ham10000_internal_test_predictions_densenet121_seed1_20260507T083954Z.csv,outputs/predictions/bosque_public_predictions_densenet121_seed1_20260507T083954Z.csv
DenseNet121,2,f1,BOSQUE light,1002,105,0.6542056074766355,0.6010094790267204,0.7043478260869566,0.8059701492537313,0.7317073170731707,0.8671457219251336,-0.15176454177709586,-0.23548115577318637,-0.05913443665874076,0.7,0.05,adequate,transported,adequate and transported,outputs/predictions/ham10000_internal_test_predictions_densenet121_seed2_20260507T104740Z.csv,outputs/predictions/bosque_public_predictions_densenet121_seed2_20260507T104740Z.csv
DenseNet121,3,f1,BOSQUE light,1002,105,0.6618357487922706,0.6082431373509317,0.711002678807655,0.7751937984496124,0.6890756302521008,0.8493321917808218,-0.11335804965734186,-0.2046831728303607,-0.012851735669446746,0.7,0.05,inconclusive,transported,inconclusive,outputs/predictions/ham10000_internal_test_predictions_densenet121_seed3_20260507T120928Z.csv,outputs/predictions/bosque_public_predictions_densenet121_seed3_20260507T120928Z.csv
DenseNet121,4,f1,BOSQUE light,1002,105,0.6490384615384616,0.5945882202957675,0.7002453336869674,0.6779661016949152,0.5714285714285714,0.768,-0.02892764015645366,-0.13538264009180273,0.0917071278574705,0.7,0.05,inconclusive,inconclusive,inconclusive,outputs/predictions/ham10000_internal_test_predictions_densenet121_seed4_20260507T140333Z.csv,outputs/predictions/bosque_public_predictions_densenet121_seed4_20260507T140333Z.csv
DenseNet121,5,f1,BOSQUE light,1002,105,0.6682242990654206,0.6182706938527085,0.7191092070164092,0.7441860465116279,0.6511535622000739,0.821917808219178,-0.07596174744620732,-0.1716935637765501,0.02642571596753565,0.7,0.05,inconclusive,transported,inconclusive,outputs/predictions/ham10000_internal_test_predictions_densenet121_seed5_20260507T160422Z.csv,outputs/predictions/bosque_public_predictions_densenet121_seed5_20260507T160422Z.csv
MobileNetV2,1,f1,BOSQUE light,1002,105,0.6909975669099757,0.6380673295550955,0.7365982501348354,0.7244094488188977,0.6341463414634146,0.805560551558753,-0.03341188190892197,-0.12969708305208597,0.06693884150361797,0.7,0.05,inconclusive,inconclusive,inconclusive,outputs/predictions/ham10000_internal_test_predictions_mobilenetv2_seed1_20260507T165942Z.csv,outputs/predictions/bosque_public_predictions_mobilenetv2_seed1_20260507T165942Z.csv
MobileNetV2,2,f1,BOSQUE light,1002,105,0.6601466992665037,0.6024017536113039,0.7107896419437341,0.6557377049180327,0.5486725663716814,0.7445330984142965,0.004408994348470974,-0.10579398271517501,0.12442125771812351,0.7,0.05,inconclusive,inconclusive,inconclusive,outputs/predictions/ham10000_internal_test_predictions_mobilenetv2_seed2_20260507T172558Z.csv,outputs/predictions/bosque_public_predictions_mobilenetv2_seed2_20260507T172558Z.csv
MobileNetV2,3,f1,BOSQUE light,1002,105,0.6602870813397129,0.6055482456140351,0.7090182563338301,0.6935483870967742,0.5901419789227166,0.7801504929942916,-0.03326130575706132,-0.13534213897973632,0.08436375116559126,0.7,0.05,inconclusive,inconclusive,inconclusive,outputs/predictions/ham10000_internal_test_predictions_mobilenetv2_seed3_20260507T175449Z.csv,outputs/predictions/bosque_public_predictions_mobilenetv2_seed3_20260507T175449Z.csv
MobileNetV2,4,f1,BOSQUE light,1002,105,0.662004662004662,0.6073018590998043,0.7096891070593735,0.734375,0.6434782608695652,0.8181970713849909,-0.07237033799533799,-0.17335864286094316,0.031709468741884884,0.7,0.05,inconclusive,transported,inconclusive,outputs/predictions/ham10000_internal_test_predictions_mobilenetv2_seed4_20260507T181806Z.csv,outputs/predictions/bosque_public_predictions_mobilenetv2_seed4_20260507T181806Z.csv
MobileNetV2,5,f1,BOSQUE light,1002,105,0.6855791962174941,0.6334852422262136,0.7327267135141898,0.7049180327868853,0.6034414340448823,0.7906976744186046,-0.01933883656939117,-0.1210466119482396,0.09738722491659206,0.7,0.05,inconclusive,inconclusive,inconclusive,outputs/predictions/ham10000_internal_test_predictions_mobilenetv2_seed5_20260508T061530Z.csv,outputs/predictions/bosque_public_predictions_mobilenetv2_seed5_20260508T061530Z.csv
EfficientNetV2B0,1,f1,BOSQUE light,1002,105,0.7085427135678392,0.6557377049180327,0.755349696489839,0.8235294117647058,0.7480916030534351,0.8857190795781399,-0.11498669819686669,-0.19795388091440733,-0.028725127527947567,0.7,0.05,adequate,transported,adequate and transported,outputs/predictions/ham10000_internal_test_predictions_efficientnetv2b0_seed1_20260508T092726Z.csv,outputs/predictions/bosque_public_predictions_efficientnetv2b0_seed1_20260508T092726Z.csv
EfficientNetV2B0,2,f1,BOSQUE light,1002,105,0.683046683046683,0.6300678405652754,0.7327611681747778,0.8115942028985508,0.7384615384615385,0.8741721854304636,-0.12854751985186774,-0.21329167743340233,-0.03638002399311639,0.7,0.05,adequate,transported,adequate and transported,outputs/predictions/ham10000_internal_test_predictions_efficientnetv2b0_seed2_20260508T102810Z.csv,outputs/predictions/bosque_public_predictions_efficientnetv2b0_seed2_20260508T102810Z.csv
EfficientNetV2B0,3,f1,BOSQUE light,1002,105,0.6831955922865014,0.6253679364549293,0.7359074183976261,0.8345323741007195,0.7603145621116023,0.8987464429398488,-0.15133678181421806,-0.2375321479918772,-0.06089470597704853,0.7,0.05,adequate,transported,adequate and transported,outputs/predictions/ham10000_internal_test_predictions_efficientnetv2b0_seed3_20260508T111152Z.csv,outputs/predictions/bosque_public_predictions_efficientnetv2b0_seed3_20260508T111152Z.csv
EfficientNetV2B0,4,f1,BOSQUE light,1002,105,0.6904109589041096,0.635567150758835,0.7416921459659378,0.7596899224806202,0.6728971962616822,0.8356410600769987,-0.06927896357651053,-0.16833309735415378,0.029460791398134716,0.7,0.05,inconclusive,transported,inconclusive,outputs/predictions/ham10000_internal_test_predictions_efficientnetv2b0_seed4_20260508T131324Z.csv,outputs/predictions/bosque_public_predictions_efficientnetv2b0_seed4_20260508T131324Z.csv
EfficientNetV2B0,5,f1,BOSQUE light,1002,105,0.6614173228346457,0.6065573770491803,0.7168855672629257,0.8059701492537313,0.724384318981404,0.873015873015873,-0.14455282641908562,-0.23188078303131693,-0.048536421280663836,0.7,0.05,adequate,transported,adequate and transported,outputs/predictions/ham10000_internal_test_predictions_efficientnetv2b0_seed5_20260508T140842Z.csv,outputs/predictions/bosque_public_predictions_efficientnetv2b0_seed5_20260508T140842Z.csv
VGG16,1,f1,BOSQUE light,1002,105,0.6846846846846847,0.6337993306372891,0.7344110854503464,0.688,0.5861858704793944,0.7768624769605802,-0.0033153153153152592,-0.10405892980339199,0.10818539273509832,0.7,0.05,inconclusive,inconclusive,inconclusive,outputs/predictions/ham10000_internal_test_predictions_vgg16_seed1_20260508T150334Z.csv,outputs/predictions/bosque_public_predictions_vgg16_seed1_20260508T150334Z.csv
VGG16,2,f1,BOSQUE light,1002,105,0.6767676767676768,0.6214009894187165,0.7287296182143567,0.6206896551724138,0.5090829346092504,0.71875,0.05607802159526298,-0.05387094052720572,0.1760003101187755,0.7,0.05,inconclusive,inconclusive,inconclusive,outputs/predictions/ham10000_internal_test_predictions_vgg16_seed2_20260508T155913Z.csv,outputs/predictions/bosque_public_predictions_vgg16_seed2_20260508T155913Z.csv
VGG16,3,f1,BOSQUE light,1002,105,0.6832579185520362,0.6343586841246533,0.7294182288299934,0.704,0.6070903361344537,0.7907063519611245,-0.020742081447963745,-0.12210806304346983,0.08692011892476285,0.7,0.05,inconclusive,inconclusive,inconclusive,outputs/predictions/ham10000_internal_test_predictions_vgg16_seed3_20260508T172421Z.csv,outputs/predictions/bosque_public_predictions_vgg16_seed3_20260508T172421Z.csv
VGG16,4,f1,BOSQUE light,1002,105,0.6451612903225806,0.5898869932170041,0.6964438252521964,0.6721311475409836,0.5689615627965834,0.7659751773049644,-0.02696985721840295,-0.13653122057293327,0.09065834856524581,0.7,0.05,inconclusive,inconclusive,inconclusive,outputs/predictions/ham10000_internal_test_predictions_vgg16_seed4_20260508T185430Z.csv,outputs/predictions/bosque_public_predictions_vgg16_seed4_20260508T185430Z.csv
VGG16,5,f1,BOSQUE light,1002,105,0.6901408450704225,0.6374419376244194,0.7389450945830532,0.6942148760330579,0.5932203389830508,0.7832363636363635,-0.004074030962635367,-0.10680072615556484,0.10865161769984091,0.7,0.05,inconclusive,inconclusive,inconclusive,outputs/predictions/ham10000_internal_test_predictions_vgg16_seed5_20260508T194156Z.csv,outputs/predictions/bosque_public_predictions_vgg16_seed5_20260508T194156Z.csv
ResNet50,1,f1,BOSQUE overall,1002,151,0.7506426735218509,0.701844651205851,0.7970314966279237,0.6623376623376623,0.5571428571428572,0.7468354430379747,0.08830501118418854,-0.008208957708957701,0.1997592862753899,0.7,0.05,inconclusive,inconclusive,inconclusive,outputs/predictions/ham10000_internal_test_predictions_resnet50_seed1_20260505T132245Z.csv,outputs/predictions/bosque_public_predictions_resnet50_seed1_20260505T132245Z.csv
ResNet50,2,f1,BOSQUE overall,1002,151,0.6631016042780749,0.6064094516803079,0.7150259067357513,0.6993865030674846,0.6086956521739131,0.7709530860873661,-0.03628489878940977,-0.12550881968294705,0.06537811060768656,0.7,0.05,inconclusive,inconclusive,inconclusive,outputs/predictions/ham10000_internal_test_predictions_resnet50_seed2_20260505T170225Z.csv,outputs/predictions/bosque_public_predictions_resnet50_seed2_20260505T170225Z.csv
ResNet50,3,f1,BOSQUE overall,1002,151,0.7096774193548387,0.6611858926154308,0.7575093058008422,0.7037037037037037,0.617445521584224,0.780756573742999,0.005973715651135025,-0.08237315375992406,0.1029477470120181,0.7,0.05,inconclusive,inconclusive,inconclusive,outputs/predictions/ham10000_internal_test_predictions_resnet50_seed3_20260505T200129Z.csv,outputs/predictions/bosque_public_predictions_resnet50_seed3_20260505T200129Z.csv
ResNet50,4,f1,BOSQUE overall,1002,151,0.7153652392947103,0.6611999089253188,0.76596611933395,0.6794871794871795,0.5864303616183315,0.7577639751552795,0.03587805980753078,-0.06035472236174811,0.14464318059882683,0.7,0.05,inconclusive,inconclusive,inconclusive,outputs/predictions/ham10000_internal_test_predictions_resnet50_seed4_20260505T211056Z.csv,outputs/predictions/bosque_public_predictions_resnet50_seed4_20260505T211056Z.csv
ResNet50,5,f1,BOSQUE overall,1002,151,0.7080103359173127,0.653838028169014,0.7547292649371069,0.6797385620915033,0.5845833333333333,0.7560975609756098,0.028271773825809365,-0.06532724658031093,0.1328680565784246,0.7,0.05,inconclusive,inconclusive,inconclusive,outputs/predictions/ham10000_internal_test_predictions_resnet50_seed5_20260506T060814Z.csv,outputs/predictions/bosque_public_predictions_resnet50_seed5_20260506T060814Z.csv
DenseNet121,1,f1,BOSQUE overall,1002,151,0.7170731707317073,0.6649870858852561,0.7642679900744417,0.6753246753246753,0.5856972789115646,0.7555620155038759,0.04174849540703196,-0.053082587135857416,0.1457074272889939,0.7,0.05,inconclusive,inconclusive,inconclusive,outputs/predictions/ham10000_internal_test_predictions_densenet121_seed1_20260507T083954Z.csv,outputs/predictions/bosque_public_predictions_densenet121_seed1_20260507T083954Z.csv
DenseNet121,2,f1,BOSQUE overall,1002,151,0.6542056074766355,0.6010088869463869,0.7055961070559611,0.7719298245614035,0.6987910546294769,0.8409090909090909,-0.11772421708476799,-0.2074808967368049,-0.027016238379652443,0.7,0.05,inconclusive,transported,inconclusive,outputs/predictions/ham10000_internal_test_predictions_densenet121_seed2_20260507T104740Z.csv,outputs/predictions/bosque_public_predictions_densenet121_seed2_20260507T104740Z.csv
DenseNet121,3,f1,BOSQUE overall,1002,151,0.6618357487922706,0.6049991534988713,0.7127015796420028,0.7560975609756098,0.6756669006669006,0.824876823019314,-0.09426181218333918,-0.18500032299741606,-0.0016960991819054056,0.7,0.05,inconclusive,transported,inconclusive,outputs/predictions/ham10000_internal_test_predictions_densenet121_seed3_20260507T120928Z.csv,outputs/predictions/bosque_public_predictions_densenet121_seed3_20260507T120928Z.csv
DenseNet121,4,f1,BOSQUE overall,1002,151,0.6490384615384616,0.5932182618810236,0.7,0.6442953020134228,0.549618320610687,0.7307926829268291,0.004743159525038787,-0.09788674461571649,0.1120229286348261,0.7,0.05,inconclusive,inconclusive,inconclusive,outputs/predictions/ham10000_internal_test_predictions_densenet121_seed4_20260507T140333Z.csv,outputs/predictions/bosque_public_predictions_densenet121_seed4_20260507T140333Z.csv
DenseNet121,5,f1,BOSQUE overall,1002,151,0.6682242990654206,0.6142044026737699,0.7178449835088839,0.7239263803680982,0.641784004505773,0.7953249601275917,-0.05570208130267762,-0.14449751490888058,0.032653003505831384,0.7,0.05,inconclusive,transported,inconclusive,outputs/predictions/ham10000_internal_test_predictions_densenet121_seed5_20260507T160422Z.csv,outputs/predictions/bosque_public_predictions_densenet121_seed5_20260507T160422Z.csv
MobileNetV2,1,f1,BOSQUE overall,1002,151,0.6909975669099757,0.6394221547314578,0.7410542345711996,0.6783625730994152,0.5930232558139535,0.7528122934567084,0.012634993810560546,-0.07859527465466641,0.11235460085856924,0.7,0.05,inconclusive,inconclusive,inconclusive,outputs/predictions/ham10000_internal_test_predictions_mobilenetv2_seed1_20260507T165942Z.csv,outputs/predictions/bosque_public_predictions_mobilenetv2_seed1_20260507T165942Z.csv
MobileNetV2,2,f1,BOSQUE overall,1002,151,0.6601466992665037,0.605761476426799,0.7123896724029234,0.6341463414634146,0.5454545454545454,0.7151515151515152,0.02600035780308907,-0.07353826565991382,0.12717493406467387,0.7,0.05,inconclusive,inconclusive,inconclusive,outputs/predictions/ham10000_internal_test_predictions_mobilenetv2_seed2_20260507T172558Z.csv,outputs/predictions/bosque_public_predictions_mobilenetv2_seed2_20260507T172558Z.csv
MobileNetV2,3,f1,BOSQUE overall,1002,151,0.6602870813397129,0.6044086576695272,0.7105516194331982,0.6585365853658537,0.5733312101910828,0.7337461973055193,0.001750495973859234,-0.09500457930785795,0.10281392776099822,0.7,0.05,inconclusive,inconclusive,inconclusive,outputs/predictions/ham10000_internal_test_predictions_mobilenetv2_seed3_20260507T175449Z.csv,outputs/predictions/bosque_public_predictions_mobilenetv2_seed3_20260507T175449Z.csv
MobileNetV2,4,f1,BOSQUE overall,1002,151,0.662004662004662,0.610474616873603,0.7107089160091921,0.7176470588235294,0.6335403726708074,0.7907104523383592,-0.0556423968188674,-0.1443501457751223,0.04083947762690655,0.7,0.05,inconclusive,transported,inconclusive,outputs/predictions/ham10000_internal_test_predictions_mobilenetv2_seed4_20260507T181806Z.csv,outputs/predictions/bosque_public_predictions_mobilenetv2_seed4_20260507T181806Z.csv
MobileNetV2,5,f1,BOSQUE overall,1002,151,0.6855791962174941,0.6320428156748911,0.734236909695873,0.6586826347305389,0.5660377358490566,0.7375148809523809,0.026896561486955184,-0.06586260961260963,0.12999767541298546,0.7,0.05,inconclusive,inconclusive,inconclusive,outputs/predictions/ham10000_internal_test_predictions_mobilenetv2_seed5_20260508T061530Z.csv,outputs/predictions/bosque_public_predictions_mobilenetv2_seed5_20260508T061530Z.csv
EfficientNetV2B0,1,f1,BOSQUE overall,1002,151,0.7085427135678392,0.6576068344252531,0.7592651195499297,0.7931034482758621,0.7218934911242604,0.8540568693693694,-0.08456073470802294,-0.16422251583860167,0.0001678609756235365,0.7,0.05,adequate,transported,adequate and transported,outputs/predictions/ham10000_internal_test_predictions_efficientnetv2b0_seed1_20260508T092726Z.csv,outputs/predictions/bosque_public_predictions_efficientnetv2b0_seed1_20260508T092726Z.csv
EfficientNetV2B0,2,f1,BOSQUE overall,1002,151,0.683046683046683,0.630720438298371,0.7328642498106451,0.768361581920904,0.6887417218543046,0.8324338043627384,-0.08531489887422095,-0.16570221147115224,0.00640375188120392,0.7,0.05,inconclusive,transported,inconclusive,outputs/predictions/ham10000_internal_test_predictions_efficientnetv2b0_seed2_20260508T102810Z.csv,outputs/predictions/bosque_public_predictions_efficientnetv2b0_seed2_20260508T102810Z.csv
EfficientNetV2B0,3,f1,BOSQUE overall,1002,151,0.6831955922865014,0.6236509358821187,0.7336776969956162,0.8,0.7272727272727273,0.861878453038674,-0.11680440771349865,-0.20116879692204656,-0.03227946661336116,0.7,0.05,adequate,transported,adequate and transported,outputs/predictions/ham10000_internal_test_predictions_efficientnetv2b0_seed3_20260508T111152Z.csv,outputs/predictions/bosque_public_predictions_efficientnetv2b0_seed3_20260508T111152Z.csv
EfficientNetV2B0,4,f1,BOSQUE overall,1002,151,0.6904109589041096,0.6333307210031348,0.7424265106151333,0.7469879518072289,0.6666666666666666,0.8160919540229885,-0.05657699290311924,-0.14564158730450827,0.03819024448675495,0.7,0.05,inconclusive,transported,inconclusive,outputs/predictions/ham10000_internal_test_predictions_efficientnetv2b0_seed4_20260508T131324Z.csv,outputs/predictions/bosque_public_predictions_efficientnetv2b0_seed4_20260508T131324Z.csv
EfficientNetV2B0,5,f1,BOSQUE overall,1002,151,0.6614173228346457,0.6036745406824147,0.7128799288906446,0.7692307692307693,0.6973684210526315,0.8323699421965318,-0.10781344639612356,-0.19500623229046365,-0.01532551138249923,0.7,0.05,inconclusive,transported,inconclusive,outputs/predictions/ham10000_internal_test_predictions_efficientnetv2b0_seed5_20260508T140842Z.csv,outputs/predictions/bosque_public_predictions_efficientnetv2b0_seed5_20260508T140842Z.csv
VGG16,1,f1,BOSQUE overall,1002,151,0.6846846846846847,0.634029484029484,0.7361419068736141,0.6666666666666666,0.5753379890769093,0.7455671447196871,0.018018018018018056,-0.07879539036444698,0.12338230459042081,0.7,0.05,inconclusive,inconclusive,inconclusive,outputs/predictions/ham10000_internal_test_predictions_vgg16_seed1_20260508T150334Z.csv,outputs/predictions/bosque_public_predictions_vgg16_seed1_20260508T150334Z.csv
VGG16,2,f1,BOSQUE overall,1002,151,0.6767676767676768,0.6215502856357604,0.7282398423008405,0.6040268456375839,0.507457278823275,0.6913817663817662,0.07274083113009289,-0.034812951783591915,0.18007705135635915,0.7,0.05,not adequate,inconclusive,inconclusive,outputs/predictions/ham10000_internal_test_predictions_vgg16_seed2_20260508T155913Z.csv,outputs/predictions/bosque_public_predictions_vgg16_seed2_20260508T155913Z.csv
VGG16,3,f1,BOSQUE overall,1002,151,0.6832579185520362,0.6310432569974554,0.7325842696629213,0.6956521739130435,0.6099290780141844,0.7721662830840045,-0.012394255361007245,-0.10494898002444708,0.08636147485342138,0.7,0.05,inconclusive,inconclusive,inconclusive,outputs/predictions/ham10000_internal_test_predictions_vgg16_seed3_20260508T172421Z.csv,outputs/predictions/bosque_public_predictions_vgg16_seed3_20260508T172421Z.csv
VGG16,4,f1,BOSQUE overall,1002,151,0.6451612903225806,0.5872956645344706,0.6948910126726657,0.6582278481012658,0.5695364238410596,0.7393939393939394,-0.01306655777868515,-0.1091803803705164,0.08685184242022354,0.7,0.05,inconclusive,inconclusive,inconclusive,outputs/predictions/ham10000_internal_test_predictions_vgg16_seed4_20260508T185430Z.csv,outputs/predictions/bosque_public_predictions_vgg16_seed4_20260508T185430Z.csv
VGG16,5,f1,BOSQUE overall,1002,151,0.6901408450704225,0.6379606513286754,0.7392429229756418,0.6666666666666666,0.5789181286549708,0.7455671447196871,0.023474178403755874,-0.0725924629828651,0.12559783299836882,0.7,0.05,inconclusive,inconclusive,inconclusive,outputs/predictions/ham10000_internal_test_predictions_vgg16_seed5_20260508T194156Z.csv,outputs/predictions/bosque_public_predictions_vgg16_seed5_20260508T194156Z.csv
ResNet50,1,precision,BOSQUE dark,1002,46,0.7564766839378239,0.6963350785340314,0.8142117404535192,0.7272727272727273,0.42857142857142855,1.0,0.029203956665096564,-0.2500914634146341,0.3465996057513914,0.8,0.05,inconclusive,inconclusive,inconclusive,outputs/predictions/ham10000_internal_test_predictions_resnet50_seed1_20260505T132245Z.csv,outputs/predictions/bosque_public_predictions_resnet50_seed1_20260505T132245Z.csv
ResNet50,2,precision,BOSQUE dark,1002,46,0.6966292134831461,0.6272011121408712,0.7597980803518363,0.7333333333333333,0.5,0.9333333333333333,-0.03670411985018718,-0.25308449357780183,0.21243779300396678,0.8,0.05,inconclusive,inconclusive,inconclusive,outputs/predictions/ham10000_internal_test_predictions_resnet50_seed2_20260505T170225Z.csv,outputs/predictions/bosque_public_predictions_resnet50_seed2_20260505T170225Z.csv
ResNet50,3,precision,BOSQUE dark,1002,46,0.6908212560386473,0.6296205962059621,0.754906962785114,0.6923076923076923,0.41625000000000006,0.9285714285714286,-0.0014864362690449884,-0.25322431697797604,0.281944277526984,0.8,0.05,inconclusive,inconclusive,inconclusive,outputs/predictions/ham10000_internal_test_predictions_resnet50_seed3_20260505T200129Z.csv,outputs/predictions/bosque_public_predictions_resnet50_seed3_20260505T200129Z.csv
ResNet50,4,precision,BOSQUE dark,1002,46,0.7064676616915423,0.642511451528122,0.7704162518666002,0.75,0.499264705882353,1.0,-0.04353233830845771,-0.29128256272229164,0.24021796218487382,0.8,0.05,inconclusive,inconclusive,inconclusive,outputs/predictions/ham10000_internal_test_predictions_resnet50_seed4_20260505T211056Z.csv,outputs/predictions/bosque_public_predictions_resnet50_seed4_20260505T211056Z.csv
ResNet50,5,precision,BOSQUE dark,1002,46,0.7172774869109948,0.6526148090815274,0.7801075887463321,1.0,1.0,1.0,-0.2827225130890052,-0.34738519091847264,-0.21989241125366782,0.8,0.05,adequate,transported,adequate and transported,outputs/predictions/ham10000_internal_test_predictions_resnet50_seed5_20260506T060814Z.csv,outputs/predictions/bosque_public_predictions_resnet50_seed5_20260506T060814Z.csv
DenseNet121,1,precision,BOSQUE dark,1002,46,0.6869158878504673,0.6216024080952991,0.7476232616940581,0.8461538461538461,0.6363636363636364,1.0,-0.15923795830337883,-0.3403192137569958,0.059566660290996096,0.8,0.05,inconclusive,inconclusive,inconclusive,outputs/predictions/ham10000_internal_test_predictions_densenet121_seed1_20260507T083954Z.csv,outputs/predictions/bosque_public_predictions_densenet121_seed1_20260507T083954Z.csv
DenseNet121,2,precision,BOSQUE dark,1002,46,0.603448275862069,0.5391615638743346,0.6654020752269777,0.75,0.5333333333333333,0.9444444444444444,-0.14655172413793105,-0.3613125680476764,0.08907794724655171,0.8,0.05,inconclusive,inconclusive,inconclusive,outputs/predictions/ham10000_internal_test_predictions_densenet121_seed2_20260507T104740Z.csv,outputs/predictions/bosque_public_predictions_densenet121_seed2_20260507T104740Z.csv
DenseNet121,3,precision,BOSQUE dark,1002,46,0.6284403669724771,0.5613148851703236,0.6926611098679794,0.8571428571428571,0.6666666666666666,1.0,-0.22870249017038002,-0.39473684210526316,-0.014501879699248202,0.8,0.05,inconclusive,transported,inconclusive,outputs/predictions/ham10000_internal_test_predictions_densenet121_seed3_20260507T120928Z.csv,outputs/predictions/bosque_public_predictions_densenet121_seed3_20260507T120928Z.csv
DenseNet121,4,precision,BOSQUE dark,1002,46,0.6136363636363636,0.5510887918486171,0.6774193548387096,0.8,0.5,1.0,-0.1863636363636364,-0.4193587726199842,0.12070639437562765,0.8,0.05,inconclusive,inconclusive,inconclusive,outputs/predictions/ham10000_internal_test_predictions_densenet121_seed4_20260507T140333Z.csv,outputs/predictions/bosque_public_predictions_densenet121_seed4_20260507T140333Z.csv
DenseNet121,5,precision,BOSQUE dark,1002,46,0.6163793103448276,0.5544844319404845,0.6781191507061693,0.8461538461538461,0.625,1.0,-0.22977453580901852,-0.4115286855482934,-0.003576927606716152,0.8,0.05,inconclusive,transported,inconclusive,outputs/predictions/ham10000_internal_test_predictions_densenet121_seed5_20260507T160422Z.csv,outputs/predictions/bosque_public_predictions_densenet121_seed5_20260507T160422Z.csv
MobileNetV2,1,precision,BOSQUE dark,1002,46,0.6604651162790698,0.5954545454545455,0.7239583333333334,0.5217391304347826,0.31995454545454544,0.7272727272727273,0.1387259858442872,-0.0764657456738406,0.35460174338667966,0.8,0.05,not adequate,inconclusive,inconclusive,outputs/predictions/ham10000_internal_test_predictions_mobilenetv2_seed1_20260507T165942Z.csv,outputs/predictions/bosque_public_predictions_mobilenetv2_seed1_20260507T165942Z.csv
MobileNetV2,2,precision,BOSQUE dark,1002,46,0.6338028169014085,0.5706659490140431,0.6948511523687579,0.5714285714285714,0.34782608695652173,0.7857142857142857,0.0623742454728371,-0.1610974866557391,0.2889580464666275,0.8,0.05,not adequate,inconclusive,inconclusive,outputs/predictions/ham10000_internal_test_predictions_mobilenetv2_seed2_20260507T172558Z.csv,outputs/predictions/bosque_public_predictions_mobilenetv2_seed2_20260507T172558Z.csv
MobileNetV2,3,precision,BOSQUE dark,1002,46,0.6216216216216216,0.559467632345255,0.6869579029349071,0.5789473684210527,0.35,0.8125,0.042674253200568946,-0.19699727629745376,0.27479674044464175,0.8,0.05,inconclusive,inconclusive,inconclusive,outputs/predictions/ham10000_internal_test_predictions_mobilenetv2_seed3_20260507T175449Z.csv,outputs/predictions/bosque_public_predictions_mobilenetv2_seed3_20260507T175449Z.csv
MobileNetV2,4,precision,BOSQUE dark,1002,46,0.6094420600858369,0.5458506585013657,0.6724176075678975,0.6666666666666666,0.45,0.8697010869565209,-0.05722460658082973,-0.2708826248533261,0.16581356637536396,0.8,0.05,inconclusive,inconclusive,inconclusive,outputs/predictions/ham10000_internal_test_predictions_mobilenetv2_seed4_20260507T181806Z.csv,outputs/predictions/bosque_public_predictions_mobilenetv2_seed4_20260507T181806Z.csv
MobileNetV2,5,precision,BOSQUE dark,1002,46,0.6387665198237885,0.575990756302521,0.7004706762771278,0.5,0.30434782608695654,0.700092592592592,0.13876651982378851,-0.06776795307451315,0.343863534280265,0.8,0.05,not adequate,inconclusive,inconclusive,outputs/predictions/ham10000_internal_test_predictions_mobilenetv2_seed5_20260508T061530Z.csv,outputs/predictions/bosque_public_predictions_mobilenetv2_seed5_20260508T061530Z.csv
EfficientNetV2B0,1,precision,BOSQUE dark,1002,46,0.698019801980198,0.6327599633531837,0.7623776051638314,0.7647058823529411,0.5384615384615384,0.9444444444444444,-0.06668608037274315,-0.26503360118620556,0.16930941724309417,0.8,0.05,inconclusive,inconclusive,inconclusive,outputs/predictions/ham10000_internal_test_predictions_efficientnetv2b0_seed1_20260508T092726Z.csv,outputs/predictions/bosque_public_predictions_efficientnetv2b0_seed1_20260508T092726Z.csv
EfficientNetV2B0,2,precision,BOSQUE dark,1002,46,0.6587677725118484,0.594059405940594,0.7235051988050853,0.6666666666666666,0.4375,0.875,-0.007898894154818259,-0.22222803347280334,0.23504445657447814,0.8,0.05,inconclusive,inconclusive,inconclusive,outputs/predictions/ham10000_internal_test_predictions_efficientnetv2b0_seed2_20260508T102810Z.csv,outputs/predictions/bosque_public_predictions_efficientnetv2b0_seed2_20260508T102810Z.csv
EfficientNetV2B0,3,precision,BOSQUE dark,1002,46,0.7425149700598802,0.6742763975155279,0.8082191780821918,0.8,0.5832236842105264,1.0,-0.057485029940119836,-0.2579151714513557,0.17970047905226078,0.8,0.05,inconclusive,inconclusive,inconclusive,outputs/predictions/ham10000_internal_test_predictions_efficientnetv2b0_seed3_20260508T111152Z.csv,outputs/predictions/bosque_public_predictions_efficientnetv2b0_seed3_20260508T111152Z.csv
EfficientNetV2B0,4,precision,BOSQUE dark,1002,46,0.7455621301775148,0.6758204633204634,0.80921835839599,0.8125,0.6153846153846154,1.0,-0.06693786982248517,-0.24578611783696525,0.14399053631790204,0.8,0.05,inconclusive,inconclusive,inconclusive,outputs/predictions/ham10000_internal_test_predictions_efficientnetv2b0_seed4_20260508T131324Z.csv,outputs/predictions/bosque_public_predictions_efficientnetv2b0_seed4_20260508T131324Z.csv
EfficientNetV2B0,5,precision,BOSQUE dark,1002,46,0.6810810810810811,0.6104651162790697,0.7470621282220753,0.7857142857142857,0.5383333333333333,1.0,-0.10463320463320458,-0.30979994824016566,0.15784568372803676,0.8,0.05,inconclusive,inconclusive,inconclusive,outputs/predictions/ham10000_internal_test_predictions_efficientnetv2b0_seed5_20260508T140842Z.csv,outputs/predictions/bosque_public_predictions_efficientnetv2b0_seed5_20260508T140842Z.csv
VGG16,1,precision,BOSQUE dark,1002,46,0.6129032258064516,0.5527345345038791,0.6721382136800451,0.7692307692307693,0.5,1.0,-0.15632754342431765,-0.37283608661075773,0.10339530590717284,0.8,0.05,inconclusive,inconclusive,inconclusive,outputs/predictions/ham10000_internal_test_predictions_vgg16_seed1_20260508T150334Z.csv,outputs/predictions/bosque_public_predictions_vgg16_seed1_20260508T150334Z.csv
VGG16,2,precision,BOSQUE dark,1002,46,0.67,0.6059113300492611,0.7337030145641465,0.75,0.46153846153846156,1.0,-0.07999999999999996,-0.3252456217773029,0.20624449567424724,0.8,0.05,inconclusive,inconclusive,inconclusive,outputs/predictions/ham10000_internal_test_predictions_vgg16_seed2_20260508T155913Z.csv,outputs/predictions/bosque_public_predictions_vgg16_seed2_20260508T155913Z.csv
VGG16,3,precision,BOSQUE dark,1002,46,0.6138211382113821,0.5502128820960698,0.6747012440003918,0.8,0.5714285714285714,1.0,-0.18617886178861798,-0.3865681756573597,0.054813642798392806,0.8,0.05,inconclusive,inconclusive,inconclusive,outputs/predictions/ham10000_internal_test_predictions_vgg16_seed3_20260508T172421Z.csv,outputs/predictions/bosque_public_predictions_vgg16_seed3_20260508T172421Z.csv
VGG16,4,precision,BOSQUE dark,1002,46,0.6280193236714976,0.5606060606060606,0.6933962264150944,0.7333333333333333,0.5,0.9375,-0.10531400966183568,-0.3383864948994899,0.14238211574952528,0.8,0.05,inconclusive,inconclusive,inconclusive,outputs/predictions/ham10000_internal_test_predictions_vgg16_seed4_20260508T185430Z.csv,outputs/predictions/bosque_public_predictions_vgg16_seed4_20260508T185430Z.csv
VGG16,5,precision,BOSQUE dark,1002,46,0.6391304347826087,0.580504691283293,0.6979591836734694,0.7142857142857143,0.4613636363636364,0.9285714285714286,-0.07515527950310563,-0.302242900172117,0.18562517875017853,0.8,0.05,inconclusive,inconclusive,inconclusive,outputs/predictions/ham10000_internal_test_predictions_vgg16_seed5_20260508T194156Z.csv,outputs/predictions/bosque_public_predictions_vgg16_seed5_20260508T194156Z.csv
ResNet50,1,precision,BOSQUE light,1002,105,0.7564766839378239,0.6933880534279844,0.8139639325999164,0.9555555555555556,0.8863636363636364,1.0,-0.19907887161773175,-0.28144368126492114,-0.11051432595071436,0.8,0.05,adequate,transported,adequate and transported,outputs/predictions/ham10000_internal_test_predictions_resnet50_seed1_20260505T132245Z.csv,outputs/predictions/bosque_public_predictions_resnet50_seed1_20260505T132245Z.csv
ResNet50,2,precision,BOSQUE light,1002,105,0.6966292134831461,0.6263584574934268,0.7619047619047619,0.92,0.8333333333333334,0.9811320754716981,-0.22337078651685394,-0.3252163702279373,-0.11675536799572568,0.8,0.05,adequate,transported,adequate and transported,outputs/predictions/ham10000_internal_test_predictions_resnet50_seed2_20260505T170225Z.csv,outputs/predictions/bosque_public_predictions_resnet50_seed2_20260505T170225Z.csv
ResNet50,3,precision,BOSQUE light,1002,105,0.6908212560386473,0.628140703517588,0.753426250398216,0.9411764705882353,0.8695652173913043,1.0,-0.250355214549588,-0.33480391275709814,-0.15982569029426874,0.8,0.05,adequate,transported,adequate and transported,outputs/predictions/ham10000_internal_test_predictions_resnet50_seed3_20260505T200129Z.csv,outputs/predictions/bosque_public_predictions_resnet50_seed3_20260505T200129Z.csv
ResNet50,4,precision,BOSQUE light,1002,105,0.7064676616915423,0.6432071069633883,0.7715803804642452,0.9565217391304348,0.8958059210526316,1.0,-0.2500540774388925,-0.33476193396457826,-0.16216721927782143,0.8,0.05,adequate,transported,adequate and transported,outputs/predictions/ham10000_internal_test_predictions_resnet50_seed4_20260505T211056Z.csv,outputs/predictions/bosque_public_predictions_resnet50_seed4_20260505T211056Z.csv
ResNet50,5,precision,BOSQUE light,1002,105,0.7172774869109948,0.6502663934426229,0.7817306134571768,0.9361702127659575,0.8596491228070176,1.0,-0.21889272585496267,-0.31004322655073924,-0.12272433638712706,0.8,0.05,adequate,transported,adequate and transported,outputs/predictions/ham10000_internal_test_predictions_resnet50_seed5_20260506T060814Z.csv,outputs/predictions/bosque_public_predictions_resnet50_seed5_20260506T060814Z.csv
DenseNet121,1,precision,BOSQUE light,1002,105,0.6869158878504673,0.6262114055803377,0.7478496466052686,0.9534883720930233,0.8809523809523809,1.0,-0.266572484242556,-0.34824095872570626,-0.169517938394887,0.8,0.05,adequate,transported,adequate and transported,outputs/predictions/ham10000_internal_test_predictions_densenet121_seed1_20260507T083954Z.csv,outputs/predictions/bosque_public_predictions_densenet121_seed1_20260507T083954Z.csv
DenseNet121,2,precision,BOSQUE light,1002,105,0.603448275862069,0.5442477876106194,0.6666666666666666,0.9473684210526315,0.8813559322033898,1.0,-0.3439201451905626,-0.42519842318534173,-0.24943911050599057,0.8,0.05,adequate,transported,adequate and transported,outputs/predictions/ham10000_internal_test_predictions_densenet121_seed2_20260507T104740Z.csv,outputs/predictions/bosque_public_predictions_densenet121_seed2_20260507T104740Z.csv
DenseNet121,3,precision,BOSQUE light,1002,105,0.6284403669724771,0.5650310134566863,0.694691429902189,0.9615384615384616,0.9,1.0,-0.3330980945659845,-0.4114403627786704,-0.24869671628536386,0.8,0.05,adequate,transported,adequate and transported,outputs/predictions/ham10000_internal_test_predictions_densenet121_seed3_20260507T120928Z.csv,outputs/predictions/bosque_public_predictions_densenet121_seed3_20260507T120928Z.csv
DenseNet121,4,precision,BOSQUE light,1002,105,0.6136363636363636,0.5487168141592921,0.6807511737089202,0.975609756097561,0.9210526315789473,1.0,-0.3619733924611973,-0.4343989769820972,-0.2761607142857145,0.8,0.05,adequate,transported,adequate and transported,outputs/predictions/ham10000_internal_test_predictions_densenet121_seed4_20260507T140333Z.csv,outputs/predictions/bosque_public_predictions_densenet121_seed4_20260507T140333Z.csv
DenseNet121,5,precision,BOSQUE light,1002,105,0.6163793103448276,0.5531914893617021,0.6775514972344078,0.9230769230769231,0.8421052631578947,0.9821506892230576,-0.3066976127320955,-0.3977738176610357,-0.2048849489017782,0.8,0.05,adequate,transported,adequate and transported,outputs/predictions/ham10000_internal_test_predictions_densenet121_seed5_20260507T160422Z.csv,outputs/predictions/bosque_public_predictions_densenet121_seed5_20260507T160422Z.csv
MobileNetV2,1,precision,BOSQUE light,1002,105,0.6604651162790698,0.5925736961451247,0.7191566381053239,0.92,0.8363561847988077,0.9818181818181818,-0.25953488372093025,-0.3540025225180394,-0.15089118235653015,0.8,0.05,adequate,transported,adequate and transported,outputs/predictions/ham10000_internal_test_predictions_mobilenetv2_seed1_20260507T165942Z.csv,outputs/predictions/bosque_public_predictions_mobilenetv2_seed1_20260507T165942Z.csv
MobileNetV2,2,precision,BOSQUE light,1002,105,0.6338028169014085,0.5674385062611806,0.6956571829292727,0.8888888888888888,0.7894483805668017,0.9761904761904762,-0.25508607198748035,-0.36251768867924533,-0.1380645125161968,0.8,0.05,inconclusive,transported,inconclusive,outputs/predictions/ham10000_internal_test_predictions_mobilenetv2_seed2_20260507T172558Z.csv,outputs/predictions/bosque_public_predictions_mobilenetv2_seed2_20260507T172558Z.csv
MobileNetV2,3,precision,BOSQUE light,1002,105,0.6216216216216216,0.554534632034632,0.6858407079646017,0.9148936170212766,0.8333333333333334,0.9803921568627451,-0.293271995399655,-0.3921047426244169,-0.18987505479150416,0.8,0.05,adequate,transported,adequate and transported,outputs/predictions/ham10000_internal_test_predictions_mobilenetv2_seed3_20260507T175449Z.csv,outputs/predictions/bosque_public_predictions_mobilenetv2_seed3_20260507T175449Z.csv
MobileNetV2,4,precision,BOSQUE light,1002,105,0.6094420600858369,0.5445959541029963,0.6694578626968591,0.9215686274509803,0.8444444444444444,0.9818181818181818,-0.31212656736514344,-0.4022712655184734,-0.21551268959184325,0.8,0.05,adequate,transported,adequate and transported,outputs/predictions/ham10000_internal_test_predictions_mobilenetv2_seed4_20260507T181806Z.csv,outputs/predictions/bosque_public_predictions_mobilenetv2_seed4_20260507T181806Z.csv
MobileNetV2,5,precision,BOSQUE light,1002,105,0.6387665198237885,0.5787037037037037,0.7033664471002209,0.9555555555555556,0.8845930232558139,1.0,-0.3167890357317671,-0.39738131228305906,-0.22304520609642584,0.8,0.05,adequate,transported,adequate and transported,outputs/predictions/ham10000_internal_test_predictions_mobilenetv2_seed5_20260508T061530Z.csv,outputs/predictions/bosque_public_predictions_mobilenetv2_seed5_20260508T061530Z.csv
EfficientNetV2B0,1,precision,BOSQUE light,1002,105,0.698019801980198,0.6367817324185249,0.7626427316644707,0.9491525423728814,0.8833333333333333,1.0,-0.2511327403926834,-0.3294924349049964,-0.1584793653038139,0.8,0.05,adequate,transported,adequate and transported,outputs/predictions/ham10000_internal_test_predictions_efficientnetv2b0_seed1_20260508T092726Z.csv,outputs/predictions/bosque_public_predictions_efficientnetv2b0_seed1_20260508T092726Z.csv
EfficientNetV2B0,2,precision,BOSQUE light,1002,105,0.6587677725118484,0.591159540592766,0.7208151339865424,0.9180327868852459,0.8499828767123287,0.9827586206896551,-0.25926501437339755,-0.35274096661176035,-0.16528639626039532,0.8,0.05,adequate,transported,adequate and transported,outputs/predictions/ham10000_internal_test_predictions_efficientnetv2b0_seed2_20260508T102810Z.csv,outputs/predictions/bosque_public_predictions_efficientnetv2b0_seed2_20260508T102810Z.csv
EfficientNetV2B0,3,precision,BOSQUE light,1002,105,0.7425149700598802,0.6758486341244963,0.8057327188940091,0.9354838709677419,0.8620557029177718,0.9852941176470589,-0.19296890090786167,-0.2827242217641774,-0.09854916777958571,0.8,0.05,adequate,transported,adequate and transported,outputs/predictions/ham10000_internal_test_predictions_efficientnetv2b0_seed3_20260508T111152Z.csv,outputs/predictions/bosque_public_predictions_efficientnetv2b0_seed3_20260508T111152Z.csv
EfficientNetV2B0,4,precision,BOSQUE light,1002,105,0.7455621301775148,0.6820680078793554,0.8102586206896552,0.9423076923076923,0.8703502415458937,1.0,-0.19674556213017746,-0.28092339530151683,-0.10576982037444875,0.8,0.05,adequate,transported,adequate and transported,outputs/predictions/ham10000_internal_test_predictions_efficientnetv2b0_seed4_20260508T131324Z.csv,outputs/predictions/bosque_public_predictions_efficientnetv2b0_seed4_20260508T131324Z.csv
EfficientNetV2B0,5,precision,BOSQUE light,1002,105,0.6810810810810811,0.6139983466519703,0.743739758575486,0.9473684210526315,0.8813559322033898,1.0,-0.2662873399715504,-0.35358017272079767,-0.17481410040431272,0.8,0.05,adequate,transported,adequate and transported,outputs/predictions/ham10000_internal_test_predictions_efficientnetv2b0_seed5_20260508T140842Z.csv,outputs/predictions/bosque_public_predictions_efficientnetv2b0_seed5_20260508T140842Z.csv
VGG16,1,precision,BOSQUE light,1002,105,0.6129032258064516,0.5536280051641718,0.675606283029947,0.8958333333333334,0.8,0.9767441860465116,-0.28293010752688175,-0.3825655933673962,-0.16694160269311706,0.8,0.05,adequate,transported,adequate and transported,outputs/predictions/ham10000_internal_test_predictions_vgg16_seed1_20260508T150334Z.csv,outputs/predictions/bosque_public_predictions_vgg16_seed1_20260508T150334Z.csv
VGG16,2,precision,BOSQUE light,1002,105,0.67,0.6055518018018018,0.7351391096979333,0.9230769230769231,0.8285467980295567,1.0,-0.2530769230769231,-0.3564752967577378,-0.13882104454685115,0.8,0.05,adequate,transported,adequate and transported,outputs/predictions/ham10000_internal_test_predictions_vgg16_seed2_20260508T155913Z.csv,outputs/predictions/bosque_public_predictions_vgg16_seed2_20260508T155913Z.csv
VGG16,3,precision,BOSQUE light,1002,105,0.6138211382113821,0.5528429556447463,0.6729436999757458,0.9166666666666666,0.825,0.9814814814814815,-0.30284552845528456,-0.39707287611320796,-0.2005992876348455,0.8,0.05,adequate,transported,adequate and transported,outputs/predictions/ham10000_internal_test_predictions_vgg16_seed3_20260508T172421Z.csv,outputs/predictions/bosque_public_predictions_vgg16_seed3_20260508T172421Z.csv
VGG16,4,precision,BOSQUE light,1002,105,0.6280193236714976,0.5606043620057073,0.6919197903202643,0.9111111111111111,0.8249632352941176,0.9795918367346939,-0.2830917874396135,-0.38607082960644,-0.16864048520762281,0.8,0.05,adequate,transported,adequate and transported,outputs/predictions/ham10000_internal_test_predictions_vgg16_seed4_20260508T185430Z.csv,outputs/predictions/bosque_public_predictions_vgg16_seed4_20260508T185430Z.csv
VGG16,5,precision,BOSQUE light,1002,105,0.6391304347826087,0.5758928571428571,0.7000223214285712,0.9545454545454546,0.8856868131868132,1.0,-0.3154150197628459,-0.40238131229672586,-0.22323906672249086,0.8,0.05,adequate,transported,adequate and transported,outputs/predictions/ham10000_internal_test_predictions_vgg16_seed5_20260508T194156Z.csv,outputs/predictions/bosque_public_predictions_vgg16_seed5_20260508T194156Z.csv
ResNet50,1,precision,BOSQUE overall,1002,151,0.7564766839378239,0.695870685791125,0.8148148148148148,0.9107142857142857,0.8307627118644069,0.9811320754716981,-0.15423760177646184,-0.2517428932925827,-0.05853643224966755,0.8,0.05,adequate,transported,adequate and transported,outputs/predictions/ham10000_internal_test_predictions_resnet50_seed1_20260505T132245Z.csv,outputs/predictions/bosque_public_predictions_resnet50_seed1_20260505T132245Z.csv
ResNet50,2,precision,BOSQUE overall,1002,151,0.6966292134831461,0.6318796955480463,0.7612921554252199,0.8769230769230769,0.7931034482758621,0.9545454545454546,-0.1802938634399308,-0.2795896238215479,-0.0733548632218848,0.8,0.05,inconclusive,transported,inconclusive,outputs/predictions/ham10000_internal_test_predictions_resnet50_seed2_20260505T170225Z.csv,outputs/predictions/bosque_public_predictions_resnet50_seed2_20260505T170225Z.csv
ResNet50,3,precision,BOSQUE overall,1002,151,0.6908212560386473,0.6249841370558376,0.7526000959002636,0.890625,0.8035579004329004,0.9565217391304348,-0.1998037439613527,-0.3009489409104513,-0.09164141414141429,0.8,0.05,adequate,transported,adequate and transported,outputs/predictions/ham10000_internal_test_predictions_resnet50_seed3_20260505T200129Z.csv,outputs/predictions/bosque_public_predictions_resnet50_seed3_20260505T200129Z.csv
ResNet50,4,precision,BOSQUE overall,1002,151,0.7064676616915423,0.6410220994475139,0.7696455437202864,0.9137931034482759,0.8305004796929965,0.9807692307692307,-0.20732544175673362,-0.3007957966510013,-0.10169249057222503,0.8,0.05,adequate,transported,adequate and transported,outputs/predictions/ham10000_internal_test_predictions_resnet50_seed4_20260505T211056Z.csv,outputs/predictions/bosque_public_predictions_resnet50_seed4_20260505T211056Z.csv
ResNet50,5,precision,BOSQUE overall,1002,151,0.7172774869109948,0.6532559168901503,0.776595744680851,0.9454545454545454,0.8799827586206896,1.0,-0.22817705854355064,-0.31411199095022624,-0.1393652841809403,0.8,0.05,adequate,transported,adequate and transported,outputs/predictions/ham10000_internal_test_predictions_resnet50_seed5_20260506T060814Z.csv,outputs/predictions/bosque_public_predictions_resnet50_seed5_20260506T060814Z.csv
DenseNet121,1,precision,BOSQUE overall,1002,151,0.6869158878504673,0.6210007790690125,0.7487712341779142,0.9285714285714286,0.8517884322678844,0.984375,-0.2416555407209613,-0.33147927826955764,-0.1411588000775321,0.8,0.05,adequate,transported,adequate and transported,outputs/predictions/ham10000_internal_test_predictions_densenet121_seed1_20260507T083954Z.csv,outputs/predictions/bosque_public_predictions_densenet121_seed1_20260507T083954Z.csv
DenseNet121,2,precision,BOSQUE overall,1002,151,0.603448275862069,0.5362873198352779,0.6651800084304108,0.9041095890410958,0.8253700128700129,0.9692424242424241,-0.3006613131790269,-0.39180755854393695,-0.20275198817867449,0.8,0.05,adequate,transported,adequate and transported,outputs/predictions/ham10000_internal_test_predictions_densenet121_seed2_20260507T104740Z.csv,outputs/predictions/bosque_public_predictions_densenet121_seed2_20260507T104740Z.csv
DenseNet121,3,precision,BOSQUE overall,1002,151,0.6284403669724771,0.5628134860348253,0.6934129189282329,0.9393939393939394,0.8732338475296221,0.9861111111111112,-0.3109535724214624,-0.39664566264074,-0.2207594525486251,0.8,0.05,adequate,transported,adequate and transported,outputs/predictions/ham10000_internal_test_predictions_densenet121_seed3_20260507T120928Z.csv,outputs/predictions/bosque_public_predictions_densenet121_seed3_20260507T120928Z.csv
DenseNet121,4,precision,BOSQUE overall,1002,151,0.6136363636363636,0.5534883720930233,0.6761904761904762,0.9411764705882353,0.8723404255319149,1.0,-0.32754010695187163,-0.4166276170686694,-0.23382303673556137,0.8,0.05,adequate,transported,adequate and transported,outputs/predictions/ham10000_internal_test_predictions_densenet121_seed4_20260507T140333Z.csv,outputs/predictions/bosque_public_predictions_densenet121_seed4_20260507T140333Z.csv
DenseNet121,5,precision,BOSQUE overall,1002,151,0.6163793103448276,0.5564845120799028,0.6798371440897325,0.9076923076923077,0.8301576464746773,0.9701492537313433,-0.29131299734748006,-0.3806627227738574,-0.18652683236611348,0.8,0.05,adequate,transported,adequate and transported,outputs/predictions/ham10000_internal_test_predictions_densenet121_seed5_20260507T160422Z.csv,outputs/predictions/bosque_public_predictions_densenet121_seed5_20260507T160422Z.csv
MobileNetV2,1,precision,BOSQUE overall,1002,151,0.6604651162790698,0.5960489398158064,0.7268047523258737,0.7945205479452054,0.6985985940879597,0.8815982972136222,-0.13405543166613565,-0.2459792135354773,-0.01698183461016175,0.8,0.05,inconclusive,transported,inconclusive,outputs/predictions/ham10000_internal_test_predictions_mobilenetv2_seed1_20260507T165942Z.csv,outputs/predictions/bosque_public_predictions_mobilenetv2_seed1_20260507T165942Z.csv
MobileNetV2,2,precision,BOSQUE overall,1002,151,0.6338028169014085,0.5685192662667282,0.6966862173232399,0.7878787878787878,0.686545842217484,0.8813808574277167,-0.15407597097737935,-0.2687081721821085,-0.03745476978989722,0.8,0.05,inconclusive,transported,inconclusive,outputs/predictions/ham10000_internal_test_predictions_mobilenetv2_seed2_20260507T172558Z.csv,outputs/predictions/bosque_public_predictions_mobilenetv2_seed2_20260507T172558Z.csv
MobileNetV2,3,precision,BOSQUE overall,1002,151,0.6216216216216216,0.5596289859758315,0.6834862385321101,0.8181818181818182,0.7169732704402515,0.9076923076923077,-0.19656019656019663,-0.30672306237505575,-0.07925102911024792,0.8,0.05,inconclusive,transported,inconclusive,outputs/predictions/ham10000_internal_test_predictions_mobilenetv2_seed3_20260507T175449Z.csv,outputs/predictions/bosque_public_predictions_mobilenetv2_seed3_20260507T175449Z.csv
MobileNetV2,4,precision,BOSQUE overall,1002,151,0.6094420600858369,0.5479831275720165,0.674314593556646,0.8472222222222222,0.757124542124542,0.927536231884058,-0.2377801621363853,-0.34637877938866357,-0.1259494380889479,0.8,0.05,inconclusive,transported,inconclusive,outputs/predictions/ham10000_internal_test_predictions_mobilenetv2_seed4_20260507T181806Z.csv,outputs/predictions/bosque_public_predictions_mobilenetv2_seed4_20260507T181806Z.csv
MobileNetV2,5,precision,BOSQUE overall,1002,151,0.6387665198237885,0.575468467304213,0.702835853176238,0.7971014492753623,0.6980945878848063,0.8904109589041096,-0.1583349294515738,-0.26847753413698017,-0.0343062761986918,0.8,0.05,inconclusive,transported,inconclusive,outputs/predictions/ham10000_internal_test_predictions_mobilenetv2_seed5_20260508T061530Z.csv,outputs/predictions/bosque_public_predictions_mobilenetv2_seed5_20260508T061530Z.csv
EfficientNetV2B0,1,precision,BOSQUE overall,1002,151,0.698019801980198,0.6340034364261168,0.7606440795559666,0.9078947368421053,0.8382253577106519,0.971830985915493,-0.20987493486190734,-0.2978464971606564,-0.11600232269937738,0.8,0.05,adequate,transported,adequate and transported,outputs/predictions/ham10000_internal_test_predictions_efficientnetv2b0_seed1_20260508T092726Z.csv,outputs/predictions/bosque_public_predictions_efficientnetv2b0_seed1_20260508T092726Z.csv
EfficientNetV2B0,2,precision,BOSQUE overall,1002,151,0.6587677725118484,0.5954519027484144,0.7200045871559633,0.8607594936708861,0.7831194342587742,0.9310344827586207,-0.20199172115903774,-0.29687492672073457,-0.10669560186334241,0.8,0.05,inconclusive,transported,inconclusive,outputs/predictions/ham10000_internal_test_predictions_efficientnetv2b0_seed2_20260508T102810Z.csv,outputs/predictions/bosque_public_predictions_efficientnetv2b0_seed2_20260508T102810Z.csv
EfficientNetV2B0,3,precision,BOSQUE overall,1002,151,0.7425149700598802,0.6749961656441719,0.808664021164021,0.9090909090909091,0.8382169117647059,0.9655270376175549,-0.16657593903102885,-0.25688859111774154,-0.06591805523620337,0.8,0.05,adequate,transported,adequate and transported,outputs/predictions/ham10000_internal_test_predictions_efficientnetv2b0_seed3_20260508T111152Z.csv,outputs/predictions/bosque_public_predictions_efficientnetv2b0_seed3_20260508T111152Z.csv
EfficientNetV2B0,4,precision,BOSQUE overall,1002,151,0.7455621301775148,0.68,0.807909604519774,0.9117647058823529,0.8356164383561644,0.971830985915493,-0.1662025757048381,-0.2587455964555962,-0.0698319766766858,0.8,0.05,adequate,transported,adequate and transported,outputs/predictions/ham10000_internal_test_predictions_efficientnetv2b0_seed4_20260508T131324Z.csv,outputs/predictions/bosque_public_predictions_efficientnetv2b0_seed4_20260508T131324Z.csv
EfficientNetV2B0,5,precision,BOSQUE overall,1002,151,0.6810810810810811,0.6138557605760576,0.748635981504834,0.9154929577464789,0.8461538461538461,0.9733333333333334,-0.23441187666539776,-0.3252412087969121,-0.14382763395321435,0.8,0.05,adequate,transported,adequate and transported,outputs/predictions/ham10000_internal_test_predictions_efficientnetv2b0_seed5_20260508T140842Z.csv,outputs/predictions/bosque_public_predictions_efficientnetv2b0_seed5_20260508T140842Z.csv
VGG16,1,precision,BOSQUE overall,1002,151,0.6129032258064516,0.5511793525809274,0.6694924347130283,0.8688524590163934,0.7777777777777778,0.9500204918032785,-0.2559492332099418,-0.3575774060534775,-0.14895985509994866,0.8,0.05,inconclusive,transported,inconclusive,outputs/predictions/ham10000_internal_test_predictions_vgg16_seed1_20260508T150334Z.csv,outputs/predictions/bosque_public_predictions_vgg16_seed1_20260508T150334Z.csv
VGG16,2,precision,BOSQUE overall,1002,151,0.67,0.6041591183574879,0.7354572744469118,0.8823529411764706,0.7842892156862745,0.9622641509433962,-0.21235294117647052,-0.32030377385799763,-0.09470205566615594,0.8,0.05,inconclusive,transported,inconclusive,outputs/predictions/ham10000_internal_test_predictions_vgg16_seed2_20260508T155913Z.csv,outputs/predictions/bosque_public_predictions_vgg16_seed2_20260508T155913Z.csv
VGG16,3,precision,BOSQUE overall,1002,151,0.6138211382113821,0.5550837739076349,0.676008713692946,0.8888888888888888,0.8095238095238095,0.9629629629629629,-0.2750677506775068,-0.3730554444888711,-0.17371443851405682,0.8,0.05,adequate,transported,adequate and transported,outputs/predictions/ham10000_internal_test_predictions_vgg16_seed3_20260508T172421Z.csv,outputs/predictions/bosque_public_predictions_vgg16_seed3_20260508T172421Z.csv
VGG16,4,precision,BOSQUE overall,1002,151,0.6280193236714976,0.5603864734299517,0.6931303342107362,0.8666666666666667,0.7793709150326797,0.9473684210526315,-0.2386473429951691,-0.33962693063336447,-0.12732456795391517,0.8,0.05,inconclusive,transported,inconclusive,outputs/predictions/ham10000_internal_test_predictions_vgg16_seed4_20260508T185430Z.csv,outputs/predictions/bosque_public_predictions_vgg16_seed4_20260508T185430Z.csv
VGG16,5,precision,BOSQUE overall,1002,151,0.6391304347826087,0.5787161034626616,0.7004318842083419,0.896551724137931,0.8162887377173091,0.9672131147540983,-0.2574212893553224,-0.3536117419498484,-0.15730801806888775,0.8,0.05,adequate,transported,adequate and transported,outputs/predictions/ham10000_internal_test_predictions_vgg16_seed5_20260508T194156Z.csv,outputs/predictions/bosque_public_predictions_vgg16_seed5_20260508T194156Z.csv
ResNet50,1,recall,BOSQUE dark,1002,46,0.7448979591836735,0.6844849423022797,0.8061224489795918,0.38095238095238093,0.17857142857142858,0.6086956521739131,0.3639455782312926,0.13767845554834518,0.5794821472695824,0.7,0.05,not adequate,not transported,not adequate and not transported,outputs/predictions/ham10000_internal_test_predictions_resnet50_seed1_20260505T132245Z.csv,outputs/predictions/bosque_public_predictions_resnet50_seed1_20260505T132245Z.csv
ResNet50,2,recall,BOSQUE dark,1002,46,0.6326530612244898,0.5654444145422518,0.6995422535211266,0.5238095238095238,0.31244612068965516,0.7391304347826086,0.108843537414966,-0.1273556907276615,0.32812894570707074,0.7,0.05,inconclusive,inconclusive,inconclusive,outputs/predictions/ham10000_internal_test_predictions_resnet50_seed2_20260505T170225Z.csv,outputs/predictions/bosque_public_predictions_resnet50_seed2_20260505T170225Z.csv
ResNet50,3,recall,BOSQUE dark,1002,46,0.7295918367346939,0.6649718754287283,0.7897797903063787,0.42857142857142855,0.22714646464646465,0.6428571428571429,0.3010204081632653,0.0847160525054582,0.5189279312058499,0.7,0.05,not adequate,not transported,not adequate and not transported,outputs/predictions/ham10000_internal_test_predictions_resnet50_seed3_20260505T200129Z.csv,outputs/predictions/bosque_public_predictions_resnet50_seed3_20260505T200129Z.csv
ResNet50,4,recall,BOSQUE dark,1002,46,0.7244897959183674,0.6576049423492674,0.7874427423593903,0.42857142857142855,0.21739130434782608,0.65,0.2959183673469388,0.06493874576238341,0.5160087132556191,0.7,0.05,not adequate,not transported,not adequate and not transported,outputs/predictions/ham10000_internal_test_predictions_resnet50_seed4_20260505T211056Z.csv,outputs/predictions/bosque_public_predictions_resnet50_seed4_20260505T211056Z.csv
ResNet50,5,recall,BOSQUE dark,1002,46,0.6989795918367347,0.6313070020594292,0.7632889200561009,0.38095238095238093,0.181737012987013,0.6,0.3180272108843538,0.09180848880954035,0.5290041461504628,0.7,0.05,not adequate,not transported,not adequate and not transported,outputs/predictions/ham10000_internal_test_predictions_resnet50_seed5_20260506T060814Z.csv,outputs/predictions/bosque_public_predictions_resnet50_seed5_20260506T060814Z.csv
DenseNet121,1,recall,BOSQUE dark,1002,46,0.75,0.6903499678272681,0.8069445915179753,0.5238095238095238,0.3123798076923077,0.7368421052631579,0.22619047619047616,0.005922786932685284,0.44540654520917633,0.7,0.05,inconclusive,inconclusive,inconclusive,outputs/predictions/ham10000_internal_test_predictions_densenet121_seed1_20260507T083954Z.csv,outputs/predictions/bosque_public_predictions_densenet121_seed1_20260507T083954Z.csv
DenseNet121,2,recall,BOSQUE dark,1002,46,0.7142857142857143,0.6467428482587065,0.772744066278549,0.5714285714285714,0.35,0.7777777777777778,0.1428571428571429,-0.07668880295030006,0.3762268222506393,0.7,0.05,inconclusive,inconclusive,inconclusive,outputs/predictions/ham10000_internal_test_predictions_densenet121_seed2_20260507T104740Z.csv,outputs/predictions/bosque_public_predictions_densenet121_seed2_20260507T104740Z.csv
DenseNet121,3,recall,BOSQUE dark,1002,46,0.6989795918367347,0.6323262405520867,0.7600340909090907,0.5714285714285714,0.35294117647058826,0.7727272727272727,0.12755102040816335,-0.08027604029976972,0.34580958753926067,0.7,0.05,inconclusive,inconclusive,inconclusive,outputs/predictions/ham10000_internal_test_predictions_densenet121_seed3_20260507T120928Z.csv,outputs/predictions/bosque_public_predictions_densenet121_seed3_20260507T120928Z.csv
DenseNet121,4,recall,BOSQUE dark,1002,46,0.6887755102040817,0.6201923076923077,0.7511328454826907,0.38095238095238093,0.17391304347826086,0.6,0.30782312925170074,0.07775937124341376,0.5243732099581404,0.7,0.05,not adequate,not transported,not adequate and not transported,outputs/predictions/ham10000_internal_test_predictions_densenet121_seed4_20260507T140333Z.csv,outputs/predictions/bosque_public_predictions_densenet121_seed4_20260507T140333Z.csv
DenseNet121,5,recall,BOSQUE dark,1002,46,0.7295918367346939,0.6650711896687881,0.7884664948453608,0.5238095238095238,0.3,0.7368421052631579,0.20578231292517002,-0.013822730032956624,0.4344242575078811,0.7,0.05,inconclusive,inconclusive,inconclusive,outputs/predictions/ham10000_internal_test_predictions_densenet121_seed5_20260507T160422Z.csv,outputs/predictions/bosque_public_predictions_densenet121_seed5_20260507T160422Z.csv
MobileNetV2,1,recall,BOSQUE dark,1002,46,0.7244897959183674,0.6596709900047597,0.7867398291961897,0.5714285714285714,0.35992857142857143,0.782608695652174,0.15306122448979598,-0.06763389650541833,0.3798289760809354,0.7,0.05,inconclusive,inconclusive,inconclusive,outputs/predictions/ham10000_internal_test_predictions_mobilenetv2_seed1_20260507T165942Z.csv,outputs/predictions/bosque_public_predictions_mobilenetv2_seed1_20260507T165942Z.csv
MobileNetV2,2,recall,BOSQUE dark,1002,46,0.6887755102040817,0.622751666478364,0.7540151764108386,0.5714285714285714,0.3333333333333333,0.7693181818181813,0.11734693877551028,-0.09230217138823067,0.3421992481203002,0.7,0.05,inconclusive,inconclusive,inconclusive,outputs/predictions/ham10000_internal_test_predictions_mobilenetv2_seed2_20260507T172558Z.csv,outputs/predictions/bosque_public_predictions_mobilenetv2_seed2_20260507T172558Z.csv
MobileNetV2,3,recall,BOSQUE dark,1002,46,0.7040816326530612,0.6359638477261114,0.7650422643442621,0.5238095238095238,0.3,0.7391706924315617,0.1802721088435374,-0.05280772775144816,0.41845006552606884,0.7,0.05,inconclusive,inconclusive,inconclusive,outputs/predictions/ham10000_internal_test_predictions_mobilenetv2_seed3_20260507T175449Z.csv,outputs/predictions/bosque_public_predictions_mobilenetv2_seed3_20260507T175449Z.csv
MobileNetV2,4,recall,BOSQUE dark,1002,46,0.7244897959183674,0.6588221354892668,0.7850178571428571,0.6666666666666666,0.46653846153846157,0.8636363636363636,0.057823129251700744,-0.14730931242177717,0.272881260438987,0.7,0.05,inconclusive,inconclusive,inconclusive,outputs/predictions/ham10000_internal_test_predictions_mobilenetv2_seed4_20260507T181806Z.csv,outputs/predictions/bosque_public_predictions_mobilenetv2_seed4_20260507T181806Z.csv
MobileNetV2,5,recall,BOSQUE dark,1002,46,0.7397959183673469,0.6791382524652898,0.7989720143105965,0.5714285714285714,0.35286764705882356,0.7894736842105263,0.16836734693877553,-0.0588265786172289,0.3968302800394769,0.7,0.05,inconclusive,inconclusive,inconclusive,outputs/predictions/ham10000_internal_test_predictions_mobilenetv2_seed5_20260508T061530Z.csv,outputs/predictions/bosque_public_predictions_mobilenetv2_seed5_20260508T061530Z.csv
EfficientNetV2B0,1,recall,BOSQUE dark,1002,46,0.7193877551020408,0.6555555555555556,0.7819167843097711,0.6190476190476191,0.39285714285714285,0.8235294117647058,0.10034013605442171,-0.10710237085884756,0.32171792545170963,0.7,0.05,inconclusive,inconclusive,inconclusive,outputs/predictions/ham10000_internal_test_predictions_efficientnetv2b0_seed1_20260508T092726Z.csv,outputs/predictions/bosque_public_predictions_efficientnetv2b0_seed1_20260508T092726Z.csv
EfficientNetV2B0,2,recall,BOSQUE dark,1002,46,0.7091836734693877,0.6467322683355292,0.771147586535408,0.5714285714285714,0.36363636363636365,0.782608695652174,0.1377551020408163,-0.07727426984779925,0.36278840551803127,0.7,0.05,inconclusive,inconclusive,inconclusive,outputs/predictions/ham10000_internal_test_predictions_efficientnetv2b0_seed2_20260508T102810Z.csv,outputs/predictions/bosque_public_predictions_efficientnetv2b0_seed2_20260508T102810Z.csv
EfficientNetV2B0,3,recall,BOSQUE dark,1002,46,0.6326530612244898,0.5660172272354389,0.6988651637341153,0.5714285714285714,0.35294117647058826,0.7777777777777778,0.061224489795918435,-0.1620877413382703,0.2841326633892419,0.7,0.05,inconclusive,inconclusive,inconclusive,outputs/predictions/ham10000_internal_test_predictions_efficientnetv2b0_seed3_20260508T111152Z.csv,outputs/predictions/bosque_public_predictions_efficientnetv2b0_seed3_20260508T111152Z.csv
EfficientNetV2B0,4,recall,BOSQUE dark,1002,46,0.6428571428571429,0.5776647750581156,0.7098520687842607,0.6190476190476191,0.4090909090909091,0.8260869565217391,0.023809523809523836,-0.19385858269896677,0.24425343221966198,0.7,0.05,inconclusive,inconclusive,inconclusive,outputs/predictions/ham10000_internal_test_predictions_efficientnetv2b0_seed4_20260508T131324Z.csv,outputs/predictions/bosque_public_predictions_efficientnetv2b0_seed4_20260508T131324Z.csv
EfficientNetV2B0,5,recall,BOSQUE dark,1002,46,0.6428571428571429,0.5721649484536082,0.711114081996435,0.5238095238095238,0.3157072368421053,0.75,0.11904761904761907,-0.10762155763315324,0.3439153439153439,0.7,0.05,inconclusive,inconclusive,inconclusive,outputs/predictions/ham10000_internal_test_predictions_efficientnetv2b0_seed5_20260508T140842Z.csv,outputs/predictions/bosque_public_predictions_efficientnetv2b0_seed5_20260508T140842Z.csv
VGG16,1,recall,BOSQUE dark,1002,46,0.7755102040816326,0.7150497597803707,0.8309178743961353,0.47619047619047616,0.2631578947368421,0.6876201923076917,0.29931972789115646,0.07330549712345082,0.5210750999085173,0.7,0.05,not adequate,not transported,not adequate and not transported,outputs/predictions/ham10000_internal_test_predictions_vgg16_seed1_20260508T150334Z.csv,outputs/predictions/bosque_public_predictions_vgg16_seed1_20260508T150334Z.csv
VGG16,2,recall,BOSQUE dark,1002,46,0.6836734693877551,0.6179692663582287,0.7439873188405796,0.42857142857142855,0.22727272727272727,0.6470588235294118,0.25510204081632654,0.031235748341625204,0.46356813969409544,0.7,0.05,not adequate,inconclusive,inconclusive,outputs/predictions/ham10000_internal_test_predictions_vgg16_seed2_20260508T155913Z.csv,outputs/predictions/bosque_public_predictions_vgg16_seed2_20260508T155913Z.csv
VGG16,3,recall,BOSQUE dark,1002,46,0.7704081632653061,0.7099795918367346,0.83028106048826,0.5714285714285714,0.35286764705882356,0.7858082706766912,0.19897959183673475,-0.026612820179289575,0.4260316626650659,0.7,0.05,inconclusive,inconclusive,inconclusive,outputs/predictions/ham10000_internal_test_predictions_vgg16_seed3_20260508T172421Z.csv,outputs/predictions/bosque_public_predictions_vgg16_seed3_20260508T172421Z.csv
VGG16,4,recall,BOSQUE dark,1002,46,0.6632653061224489,0.5961489898989899,0.7298879310344828,0.5238095238095238,0.3,0.7334210526315784,0.1394557823129251,-0.08339194237217787,0.37478040540540536,0.7,0.05,inconclusive,inconclusive,inconclusive,outputs/predictions/ham10000_internal_test_predictions_vgg16_seed4_20260508T185430Z.csv,outputs/predictions/bosque_public_predictions_vgg16_seed4_20260508T185430Z.csv
VGG16,5,recall,BOSQUE dark,1002,46,0.75,0.6899953703703703,0.8075162513542795,0.47619047619047616,0.2631578947368421,0.7058823529411765,0.27380952380952384,0.029898989898989908,0.4955360619715176,0.7,0.05,inconclusive,inconclusive,inconclusive,outputs/predictions/ham10000_internal_test_predictions_vgg16_seed5_20260508T194156Z.csv,outputs/predictions/bosque_public_predictions_vgg16_seed5_20260508T194156Z.csv
ResNet50,1,recall,BOSQUE light,1002,105,0.7448979591836735,0.6833333333333333,0.8048843026891808,0.5584415584415584,0.4512066300240467,0.6707355665328806,0.1864564007421151,0.06361647904940583,0.3059436890743853,0.7,0.05,not adequate,not transported,not adequate and not transported,outputs/predictions/ham10000_internal_test_predictions_resnet50_seed1_20260505T132245Z.csv,outputs/predictions/bosque_public_predictions_resnet50_seed1_20260505T132245Z.csv
ResNet50,2,recall,BOSQUE light,1002,105,0.6326530612244898,0.5643470508188259,0.7014966603446854,0.5974025974025974,0.48683321479374114,0.7037037037037037,0.03525046382189245,-0.09428070828819066,0.16591333503098205,0.7,0.05,inconclusive,inconclusive,inconclusive,outputs/predictions/ham10000_internal_test_predictions_resnet50_seed2_20260505T170225Z.csv,outputs/predictions/bosque_public_predictions_resnet50_seed2_20260505T170225Z.csv
ResNet50,3,recall,BOSQUE light,1002,105,0.7295918367346939,0.6682755775577558,0.7882459066100667,0.6233766233766234,0.5194681900378102,0.7361458333333332,0.10621521335807049,-0.021739839991042797,0.23482000757862814,0.7,0.05,inconclusive,inconclusive,inconclusive,outputs/predictions/ham10000_internal_test_predictions_resnet50_seed3_20260505T200129Z.csv,outputs/predictions/bosque_public_predictions_resnet50_seed3_20260505T200129Z.csv
ResNet50,4,recall,BOSQUE light,1002,105,0.7244897959183674,0.6608990147783251,0.7834125136586061,0.5714285714285714,0.4594015444015444,0.6790242165242165,0.15306122448979598,0.02215899372839132,0.2837008070457436,0.7,0.05,not adequate,inconclusive,inconclusive,outputs/predictions/ham10000_internal_test_predictions_resnet50_seed4_20260505T211056Z.csv,outputs/predictions/bosque_public_predictions_resnet50_seed4_20260505T211056Z.csv
ResNet50,5,recall,BOSQUE light,1002,105,0.6989795918367347,0.63540625,0.7650006830601093,0.5714285714285714,0.4605263157894737,0.6795,0.12755102040816335,-0.0031087338315878357,0.2548096804511278,0.7,0.05,not adequate,inconclusive,inconclusive,outputs/predictions/ham10000_internal_test_predictions_resnet50_seed5_20260506T060814Z.csv,outputs/predictions/bosque_public_predictions_resnet50_seed5_20260506T060814Z.csv
DenseNet121,1,recall,BOSQUE light,1002,105,0.75,0.6896468028121862,0.8067865105908584,0.5324675324675324,0.42460447617210106,0.6428571428571429,0.21753246753246758,0.0892778079367293,0.3390751653280335,0.7,0.05,not adequate,not transported,not adequate and not transported,outputs/predictions/ham10000_internal_test_predictions_densenet121_seed1_20260507T083954Z.csv,outputs/predictions/bosque_public_predictions_densenet121_seed1_20260507T083954Z.csv
DenseNet121,2,recall,BOSQUE light,1002,105,0.7142857142857143,0.6521739130434783,0.7771752582866982,0.7012987012987013,0.5949367088607594,0.8,0.012987012987012991,-0.10292691136978423,0.12867286581774215,0.7,0.05,inconclusive,inconclusive,inconclusive,outputs/predictions/ham10000_internal_test_predictions_densenet121_seed2_20260507T104740Z.csv,outputs/predictions/bosque_public_predictions_densenet121_seed2_20260507T104740Z.csv
DenseNet121,3,recall,BOSQUE light,1002,105,0.6989795918367347,0.6326506881822497,0.7611351139041633,0.6493506493506493,0.5384615384615384,0.7532467532467533,0.0496289424860854,-0.07505579848643675,0.1776089611400918,0.7,0.05,inconclusive,inconclusive,inconclusive,outputs/predictions/ham10000_internal_test_predictions_densenet121_seed3_20260507T120928Z.csv,outputs/predictions/bosque_public_predictions_densenet121_seed3_20260507T120928Z.csv
DenseNet121,4,recall,BOSQUE light,1002,105,0.6887755102040817,0.6235190659178245,0.7545593692022262,0.5194805194805194,0.40789473684210525,0.630157371167645,0.16929499072356224,0.04107028782028784,0.3028680337779121,0.7,0.05,not adequate,inconclusive,inconclusive,outputs/predictions/ham10000_internal_test_predictions_densenet121_seed4_20260507T140333Z.csv,outputs/predictions/bosque_public_predictions_densenet121_seed4_20260507T140333Z.csv
DenseNet121,5,recall,BOSQUE light,1002,105,0.7295918367346939,0.6666666666666666,0.7888902847571189,0.6233766233766234,0.5179677041499331,0.7317073170731707,0.10621521335807049,-0.020406466094380963,0.2314446019553679,0.7,0.05,inconclusive,inconclusive,inconclusive,outputs/predictions/ham10000_internal_test_predictions_densenet121_seed5_20260507T160422Z.csv,outputs/predictions/bosque_public_predictions_densenet121_seed5_20260507T160422Z.csv
MobileNetV2,1,recall,BOSQUE light,1002,105,0.7244897959183674,0.6631578947368421,0.7843212669683257,0.5974025974025974,0.4861111111111111,0.7037037037037037,0.12708719851577,0.0056350466084404485,0.2566137566137566,0.7,0.05,inconclusive,inconclusive,inconclusive,outputs/predictions/ham10000_internal_test_predictions_mobilenetv2_seed1_20260507T165942Z.csv,outputs/predictions/bosque_public_predictions_mobilenetv2_seed1_20260507T165942Z.csv
MobileNetV2,2,recall,BOSQUE light,1002,105,0.6887755102040817,0.6216178042449229,0.7538657407407406,0.5194805194805194,0.4096088579670796,0.6352941176470588,0.16929499072356224,0.0356343089320476,0.2994655970837262,0.7,0.05,not adequate,inconclusive,inconclusive,outputs/predictions/ham10000_internal_test_predictions_mobilenetv2_seed2_20260507T172558Z.csv,outputs/predictions/bosque_public_predictions_mobilenetv2_seed2_20260507T172558Z.csv
MobileNetV2,3,recall,BOSQUE light,1002,105,0.7040816326530612,0.6406192272167488,0.7656468115482232,0.5584415584415584,0.4482758620689655,0.6667682926829263,0.14564007421150282,0.021540860832278515,0.27117603462781115,0.7,0.05,not adequate,inconclusive,inconclusive,outputs/predictions/ham10000_internal_test_predictions_mobilenetv2_seed3_20260507T175449Z.csv,outputs/predictions/bosque_public_predictions_mobilenetv2_seed3_20260507T175449Z.csv
MobileNetV2,4,recall,BOSQUE light,1002,105,0.7244897959183674,0.6598958605892511,0.7872340425531915,0.6103896103896104,0.5,0.7162519872813988,0.114100185528757,-0.01136194777902704,0.2354409524752661,0.7,0.05,inconclusive,inconclusive,inconclusive,outputs/predictions/ham10000_internal_test_predictions_mobilenetv2_seed4_20260507T181806Z.csv,outputs/predictions/bosque_public_predictions_mobilenetv2_seed4_20260507T181806Z.csv
MobileNetV2,5,recall,BOSQUE light,1002,105,0.7397959183673469,0.6756720816561242,0.8021528260713171,0.5584415584415584,0.4430379746835443,0.6625,0.18135435992578852,0.056208118714979834,0.30843552612690206,0.7,0.05,not adequate,not transported,not adequate and not transported,outputs/predictions/ham10000_internal_test_predictions_mobilenetv2_seed5_20260508T061530Z.csv,outputs/predictions/bosque_public_predictions_mobilenetv2_seed5_20260508T061530Z.csv
EfficientNetV2B0,1,recall,BOSQUE light,1002,105,0.7193877551020408,0.6565617715617715,0.7836403508771929,0.7272727272727273,0.620253164556962,0.8243243243243243,-0.00788497217068651,-0.12191975188990109,0.11603088801436026,0.7,0.05,inconclusive,inconclusive,inconclusive,outputs/predictions/ham10000_internal_test_predictions_efficientnetv2b0_seed1_20260508T092726Z.csv,outputs/predictions/bosque_public_predictions_efficientnetv2b0_seed1_20260508T092726Z.csv
EfficientNetV2B0,2,recall,BOSQUE light,1002,105,0.7091836734693877,0.6431984803243269,0.7777777777777778,0.7272727272727273,0.6197183098591549,0.825,-0.018089053803339583,-0.13236277832098275,0.10696404256775771,0.7,0.05,inconclusive,inconclusive,inconclusive,outputs/predictions/ham10000_internal_test_predictions_efficientnetv2b0_seed2_20260508T102810Z.csv,outputs/predictions/bosque_public_predictions_efficientnetv2b0_seed2_20260508T102810Z.csv
EfficientNetV2B0,3,recall,BOSQUE light,1002,105,0.6326530612244898,0.5617902421438443,0.6994535519125683,0.7532467532467533,0.6621621621621622,0.8452380952380952,-0.12059369202226344,-0.23529979559391329,-0.002670289476282786,0.7,0.05,inconclusive,transported,inconclusive,outputs/predictions/ham10000_internal_test_predictions_efficientnetv2b0_seed3_20260508T111152Z.csv,outputs/predictions/bosque_public_predictions_efficientnetv2b0_seed3_20260508T111152Z.csv
EfficientNetV2B0,4,recall,BOSQUE light,1002,105,0.6428571428571429,0.5714285714285714,0.7102898619479101,0.6363636363636364,0.5256410256410257,0.7402597402597403,0.006493506493506551,-0.1185926764271496,0.13738709484950562,0.7,0.05,inconclusive,inconclusive,inconclusive,outputs/predictions/ham10000_internal_test_predictions_efficientnetv2b0_seed4_20260508T131324Z.csv,outputs/predictions/bosque_public_predictions_efficientnetv2b0_seed4_20260508T131324Z.csv
EfficientNetV2B0,5,recall,BOSQUE light,1002,105,0.6428571428571429,0.5745590705487122,0.7104135562854583,0.7012987012987013,0.5975570161545771,0.8048859676908457,-0.058441558441558406,-0.17777649616723057,0.0652442295279722,0.7,0.05,inconclusive,inconclusive,inconclusive,outputs/predictions/ham10000_internal_test_predictions_efficientnetv2b0_seed5_20260508T140842Z.csv,outputs/predictions/bosque_public_predictions_efficientnetv2b0_seed5_20260508T140842Z.csv
VGG16,1,recall,BOSQUE light,1002,105,0.7755102040816326,0.712917475958122,0.8361581920903954,0.5584415584415584,0.4444444444444444,0.6666666666666666,0.21706864564007422,0.0983386957932913,0.339842632675966,0.7,0.05,not adequate,not transported,not adequate and not transported,outputs/predictions/ham10000_internal_test_predictions_vgg16_seed1_20260508T150334Z.csv,outputs/predictions/bosque_public_predictions_vgg16_seed1_20260508T150334Z.csv
VGG16,2,recall,BOSQUE light,1002,105,0.6836734693877551,0.6218873250328667,0.75,0.4675324675324675,0.36363636363636365,0.582089552238806,0.21614100185528756,0.08588992094102217,0.3447562427409988,0.7,0.05,not adequate,not transported,not adequate and not transported,outputs/predictions/ham10000_internal_test_predictions_vgg16_seed2_20260508T155913Z.csv,outputs/predictions/bosque_public_predictions_vgg16_seed2_20260508T155913Z.csv
VGG16,3,recall,BOSQUE light,1002,105,0.7704081632653061,0.7102769876743871,0.828125,0.5714285714285714,0.46247596153846154,0.6829422661315221,0.19897959183673475,0.07221187059917626,0.31868144800122394,0.7,0.05,not adequate,not transported,not adequate and not transported,outputs/predictions/ham10000_internal_test_predictions_vgg16_seed3_20260508T172421Z.csv,outputs/predictions/bosque_public_predictions_vgg16_seed3_20260508T172421Z.csv
VGG16,4,recall,BOSQUE light,1002,105,0.6632653061224489,0.597824568860821,0.7277234202477839,0.5324675324675324,0.4166396103896104,0.6410256410256411,0.13079777365491652,-0.0034972037758552975,0.2657077253299286,0.7,0.05,not adequate,inconclusive,inconclusive,outputs/predictions/ham10000_internal_test_predictions_vgg16_seed4_20260508T185430Z.csv,outputs/predictions/bosque_public_predictions_vgg16_seed4_20260508T185430Z.csv
VGG16,5,recall,BOSQUE light,1002,105,0.75,0.693069306930693,0.810968671494015,0.5454545454545454,0.43037974683544306,0.6548214285714282,0.20454545454545459,0.07764296588109512,0.33500745257452574,0.7,0.05,not adequate,not transported,not adequate and not transported,outputs/predictions/ham10000_internal_test_predictions_vgg16_seed5_20260508T194156Z.csv,outputs/predictions/bosque_public_predictions_vgg16_seed5_20260508T194156Z.csv
ResNet50,1,recall,BOSQUE overall,1002,151,0.7448979591836735,0.6822916666666666,0.8058266704740148,0.5204081632653061,0.4215686274509804,0.6185567010309279,0.22448979591836737,0.10679296710968997,0.3384341695145444,0.7,0.05,not adequate,not transported,not adequate and not transported,outputs/predictions/ham10000_internal_test_predictions_resnet50_seed1_20260505T132245Z.csv,outputs/predictions/bosque_public_predictions_resnet50_seed1_20260505T132245Z.csv
ResNet50,2,recall,BOSQUE overall,1002,151,0.6326530612244898,0.567701671511628,0.7016574585635359,0.5816326530612245,0.4842020373514431,0.6813311688311687,0.05102040816326536,-0.06371661524557466,0.16676719511165064,0.7,0.05,not adequate,inconclusive,inconclusive,outputs/predictions/ham10000_internal_test_predictions_resnet50_seed2_20260505T170225Z.csv,outputs/predictions/bosque_public_predictions_resnet50_seed2_20260505T170225Z.csv
ResNet50,3,recall,BOSQUE overall,1002,151,0.7295918367346939,0.6666666666666666,0.7900657721652196,0.5816326530612245,0.4819165551093262,0.6836734693877551,0.14795918367346939,0.03189425082896851,0.2637351587766086,0.7,0.05,not adequate,inconclusive,inconclusive,outputs/predictions/ham10000_internal_test_predictions_resnet50_seed3_20260505T200129Z.csv,outputs/predictions/bosque_public_predictions_resnet50_seed3_20260505T200129Z.csv
ResNet50,4,recall,BOSQUE overall,1002,151,0.7244897959183674,0.6617590497737557,0.7860470901307416,0.5408163265306123,0.44657819755170963,0.6344086021505376,0.18367346938775508,0.06645862988683746,0.3028697354047821,0.7,0.05,not adequate,not transported,not adequate and not transported,outputs/predictions/ham10000_internal_test_predictions_resnet50_seed4_20260505T211056Z.csv,outputs/predictions/bosque_public_predictions_resnet50_seed4_20260505T211056Z.csv
ResNet50,5,recall,BOSQUE overall,1002,151,0.6989795918367347,0.632540889343215,0.7606382978723404,0.5306122448979592,0.4375,0.6285787923416789,0.16836734693877553,0.043709263457496934,0.2767932175002666,0.7,0.05,not adequate,inconclusive,inconclusive,outputs/predictions/ham10000_internal_test_predictions_resnet50_seed5_20260506T060814Z.csv,outputs/predictions/bosque_public_predictions_resnet50_seed5_20260506T060814Z.csv
DenseNet121,1,recall,BOSQUE overall,1002,151,0.75,0.686797112462006,0.8111139455782312,0.5306122448979592,0.43617021276595747,0.625,0.21938775510204078,0.10630829461582023,0.33412817206354717,0.7,0.05,not adequate,not transported,not adequate and not transported,outputs/predictions/ham10000_internal_test_predictions_densenet121_seed1_20260507T083954Z.csv,outputs/predictions/bosque_public_predictions_densenet121_seed1_20260507T083954Z.csv
DenseNet121,2,recall,BOSQUE overall,1002,151,0.7142857142857143,0.6467334428715874,0.7748723821989529,0.673469387755102,0.5789473684210527,0.7608695652173914,0.04081632653061229,-0.07183787047917485,0.15211743211743212,0.7,0.05,inconclusive,inconclusive,inconclusive,outputs/predictions/ham10000_internal_test_predictions_densenet121_seed2_20260507T104740Z.csv,outputs/predictions/bosque_public_predictions_densenet121_seed2_20260507T104740Z.csv
DenseNet121,3,recall,BOSQUE overall,1002,151,0.6989795918367347,0.6329705818497612,0.7602048275450531,0.6326530612244898,0.5353360336033604,0.7263157894736842,0.06632653061224492,-0.05067066053903837,0.18076101084373145,0.7,0.05,inconclusive,inconclusive,inconclusive,outputs/predictions/ham10000_internal_test_predictions_densenet121_seed3_20260507T120928Z.csv,outputs/predictions/bosque_public_predictions_densenet121_seed3_20260507T120928Z.csv
DenseNet121,4,recall,BOSQUE overall,1002,151,0.6887755102040817,0.6262626262626263,0.7511767496168722,0.4897959183673469,0.39361702127659576,0.5957593207105211,0.19897959183673475,0.08009579848278543,0.3129817951402332,0.7,0.05,not adequate,not transported,not adequate and not transported,outputs/predictions/ham10000_internal_test_predictions_densenet121_seed4_20260507T140333Z.csv,outputs/predictions/bosque_public_predictions_densenet121_seed4_20260507T140333Z.csv
DenseNet121,5,recall,BOSQUE overall,1002,151,0.7295918367346939,0.6696483180428134,0.7912101248266297,0.6020408163265306,0.5052578415736311,0.6990533980582523,0.12755102040816324,0.015271102839308931,0.24379352331470963,0.7,0.05,not adequate,inconclusive,inconclusive,outputs/predictions/ham10000_internal_test_predictions_densenet121_seed5_20260507T160422Z.csv,outputs/predictions/bosque_public_predictions_densenet121_seed5_20260507T160422Z.csv
MobileNetV2,1,recall,BOSQUE overall,1002,151,0.7244897959183674,0.6616896577717473,0.7860696517412935,0.5918367346938775,0.4895833333333333,0.6909235976789168,0.13265306122448983,0.012706219648944162,0.25351240820016113,0.7,0.05,not adequate,inconclusive,inconclusive,outputs/predictions/ham10000_internal_test_predictions_mobilenetv2_seed1_20260507T165942Z.csv,outputs/predictions/bosque_public_predictions_mobilenetv2_seed1_20260507T165942Z.csv
MobileNetV2,2,recall,BOSQUE overall,1002,151,0.6887755102040817,0.6162162162162163,0.7525786760716223,0.5306122448979592,0.4329604029990628,0.6276897345909188,0.15816326530612246,0.036814894766847926,0.28036523553523346,0.7,0.05,not adequate,inconclusive,inconclusive,outputs/predictions/ham10000_internal_test_predictions_mobilenetv2_seed2_20260507T172558Z.csv,outputs/predictions/bosque_public_predictions_mobilenetv2_seed2_20260507T172558Z.csv
MobileNetV2,3,recall,BOSQUE overall,1002,151,0.7040816326530612,0.6380867346938776,0.7679579370051831,0.5510204081632653,0.45161290322580644,0.6551909529106413,0.15306122448979598,0.0315735170496765,0.2689456882630644,0.7,0.05,not adequate,inconclusive,inconclusive,outputs/predictions/ham10000_internal_test_predictions_mobilenetv2_seed3_20260507T175449Z.csv,outputs/predictions/bosque_public_predictions_mobilenetv2_seed3_20260507T175449Z.csv
MobileNetV2,4,recall,BOSQUE overall,1002,151,0.7244897959183674,0.6611695930764749,0.7853496634255797,0.6224489795918368,0.5263157894736842,0.7158192651439919,0.10204081632653061,-0.011433523551346586,0.2142631091878745,0.7,0.05,inconclusive,inconclusive,inconclusive,outputs/predictions/ham10000_internal_test_predictions_mobilenetv2_seed4_20260507T181806Z.csv,outputs/predictions/bosque_public_predictions_mobilenetv2_seed4_20260507T181806Z.csv
MobileNetV2,5,recall,BOSQUE overall,1002,151,0.7397959183673469,0.6785625884016974,0.8009721121458292,0.5612244897959183,0.46534653465346537,0.6666666666666666,0.1785714285714286,0.06062310894021752,0.2909815865688013,0.7,0.05,not adequate,not transported,not adequate and not transported,outputs/predictions/ham10000_internal_test_predictions_mobilenetv2_seed5_20260508T061530Z.csv,outputs/predictions/bosque_public_predictions_mobilenetv2_seed5_20260508T061530Z.csv
EfficientNetV2B0,1,recall,BOSQUE overall,1002,151,0.7193877551020408,0.6565536315536316,0.7810945273631841,0.7040816326530612,0.6091829085457272,0.7894736842105263,0.015306122448979553,-0.09034739910779516,0.12654622167469518,0.7,0.05,inconclusive,inconclusive,inconclusive,outputs/predictions/ham10000_internal_test_predictions_efficientnetv2b0_seed1_20260508T092726Z.csv,outputs/predictions/bosque_public_predictions_efficientnetv2b0_seed1_20260508T092726Z.csv
EfficientNetV2B0,2,recall,BOSQUE overall,1002,151,0.7091836734693877,0.6451565184195457,0.771746170308628,0.6938775510204082,0.6020360922146637,0.7812732054455445,0.015306122448979553,-0.09545888212278184,0.12375578149920241,0.7,0.05,inconclusive,inconclusive,inconclusive,outputs/predictions/ham10000_internal_test_predictions_efficientnetv2b0_seed2_20260508T102810Z.csv,outputs/predictions/bosque_public_predictions_efficientnetv2b0_seed2_20260508T102810Z.csv
EfficientNetV2B0,3,recall,BOSQUE overall,1002,151,0.6326530612244898,0.5652119565217391,0.701925505050505,0.7142857142857143,0.6185567010309279,0.8022009966777409,-0.08163265306122447,-0.19479452970948452,0.034393872638762826,0.7,0.05,inconclusive,transported,inconclusive,outputs/predictions/ham10000_internal_test_predictions_efficientnetv2b0_seed3_20260508T111152Z.csv,outputs/predictions/bosque_public_predictions_efficientnetv2b0_seed3_20260508T111152Z.csv
EfficientNetV2B0,4,recall,BOSQUE overall,1002,151,0.6428571428571429,0.576511286332715,0.7085434314429289,0.6326530612244898,0.5346534653465347,0.7281553398058253,0.010204081632653073,-0.10767596925338128,0.12664350340849878,0.7,0.05,inconclusive,inconclusive,inconclusive,outputs/predictions/ham10000_internal_test_predictions_efficientnetv2b0_seed4_20260508T131324Z.csv,outputs/predictions/bosque_public_predictions_efficientnetv2b0_seed4_20260508T131324Z.csv
EfficientNetV2B0,5,recall,BOSQUE overall,1002,151,0.6428571428571429,0.5749969806763284,0.7087391976955084,0.6632653061224489,0.5681599650349651,0.7525773195876289,-0.020408163265306034,-0.13277756797748436,0.095692839927962,0.7,0.05,inconclusive,inconclusive,inconclusive,outputs/predictions/ham10000_internal_test_predictions_efficientnetv2b0_seed5_20260508T140842Z.csv,outputs/predictions/bosque_public_predictions_efficientnetv2b0_seed5_20260508T140842Z.csv
VGG16,1,recall,BOSQUE overall,1002,151,0.7755102040816326,0.716266829865361,0.83248852403274,0.5408163265306123,0.45158631690889756,0.6391958762886596,0.23469387755102034,0.12396994693797084,0.3393163053528713,0.7,0.05,not adequate,not transported,not adequate and not transported,outputs/predictions/ham10000_internal_test_predictions_vgg16_seed1_20260508T150334Z.csv,outputs/predictions/bosque_public_predictions_vgg16_seed1_20260508T150334Z.csv
VGG16,2,recall,BOSQUE overall,1002,151,0.6836734693877551,0.6201089385474859,0.7461196764817388,0.45918367346938777,0.3645596590909091,0.560018691588785,0.22448979591836732,0.10470084424340424,0.3419298422532564,0.7,0.05,not adequate,not transported,not adequate and not transported,outputs/predictions/ham10000_internal_test_predictions_vgg16_seed2_20260508T155913Z.csv,outputs/predictions/bosque_public_predictions_vgg16_seed2_20260508T155913Z.csv
VGG16,3,recall,BOSQUE overall,1002,151,0.7704081632653061,0.7107717152281474,0.8258433953826374,0.5714285714285714,0.47,0.6702127659574468,0.19897959183673475,0.08276813578875067,0.3165619751107039,0.7,0.05,not adequate,not transported,not adequate and not transported,outputs/predictions/ham10000_internal_test_predictions_vgg16_seed3_20260508T172421Z.csv,outputs/predictions/bosque_public_predictions_vgg16_seed3_20260508T172421Z.csv
VGG16,4,recall,BOSQUE overall,1002,151,0.6632653061224489,0.5948550724637681,0.726205113192818,0.5306122448979592,0.4318181818181818,0.6344137717121587,0.13265306122448972,0.01072442151877013,0.2487688924619312,0.7,0.05,not adequate,inconclusive,inconclusive,outputs/predictions/ham10000_internal_test_predictions_vgg16_seed4_20260508T185430Z.csv,outputs/predictions/bosque_public_predictions_vgg16_seed4_20260508T185430Z.csv
VGG16,5,recall,BOSQUE overall,1002,151,0.75,0.6883657609947041,0.8101937134502923,0.5306122448979592,0.43,0.627456195244055,0.21938775510204078,0.10318567857987074,0.3363667352483472,0.7,0.05,not adequate,not transported,not adequate and not transported,outputs/predictions/ham10000_internal_test_predictions_vgg16_seed5_20260508T194156Z.csv,outputs/predictions/bosque_public_predictions_vgg16_seed5_20260508T194156Z.csv
